rank,movie_id,rating_count,cumulative_share
1,356,329,0.0032627236304494426
2,318,317,0.006406442143678845
3,296,307,0.009450989725891546
4,593,279,0.012217858701257488
5,2571,278,0.014974810583521759
6,260,251,0.017464000952040936
7,480,238,0.019824269110238407
8,110,237,0.022174620175334205
9,589,224,0.024396049030108294
10,527,220,0.0265778095124757
11,2959,218,0.028739735808639772
12,1,215,0.03087191082549883
13,1196,211,0.032964417469951206
14,50,204,0.034987504462691894
15,2858,204,0.03701059145543258
16,47,203,0.0390237613550716
17,780,202,0.04102701416160895
18,150,201,0.043020349875044626
19,1198,200,0.045003768495378633
20,4993,198,0.0469673529295093
21,1210,196,0.04891110317743663
22,858,192,0.050815185052957276
23,457,190,0.052699432742274586
24,592,189,0.05457376333849022
25,2028,188,0.05643817684160419
26,5952,188,0.05830259034471816
27,7153,185,0.060137252568527116
28,588,183,0.06195208060613273
29,608,181,0.06374707445753501
30,2762,179,0.06552223412273395
31,380,178,0.0672874766948312
32,32,177,0.06904280217382681
33,364,172,0.07074854218731405
34,377,171,0.07244436510769964
35,1270,171,0.07414018802808521
36,3578,170,0.07582609385536912
37,4306,170,0.07751199968265302
38,1580,165,0.07914832004442858
39,590,164,0.08077472331310247
40,648,162,0.08238129239557301
41,344,161,0.08397794438494188
42,4226,159,0.08555476218810742
43,367,157,0.08711174580506961
44,6539,149,0.08858939267721845
45,58559,149,0.09006703954936729
46,595,146,0.09151493514221111
47,1214,146,0.09296283073505494
48,1036,145,0.0944008092347971
49,165,144,0.09582887064143758
50,500,144,0.09725693204807807
51,1265,143,0.09867507636161689
52,79132,143,0.10009322067515569
53,1197,142,0.10150144789559284
54,1704,141,0.10289975802292832
55,6377,141,0.1042980681502638
56,316,140,0.1056864611844976
57,1291,140,0.1070748542187314
58,1721,140,0.10846324725296522
59,2628,140,0.10985164028719901
60,153,137,0.11121028204212781
61,1136,136,0.11255900670395494
62,597,135,0.11389781427268039
63,231,133,0.1152167876552025
64,293,133,0.11653576103772462
65,1193,133,0.11785473442024674
66,3793,133,0.11917370780276886
67,10,132,0.1204827640921893
68,4886,132,0.12179182038160974
69,1089,131,0.12309095957792852
70,1240,131,0.1243900987742473
71,6874,131,0.12568923797056608
72,7361,131,0.12698837716688485
73,1221,129,0.12826768217700027
74,2329,129,0.12954698718711571
75,34,128,0.13081637510412947
76,1200,126,0.1320659288349399
77,1213,126,0.13331548256575032
78,1682,125,0.13455511920345908
79,8961,125,0.13579475584116785
80,541,124,0.13702447538577492
81,736,123,0.13824427783728033
82,4995,123,0.13946408028878576
83,1097,122,0.1406739656471895
84,5349,122,0.14188385100559325
85,733,121,0.1430838192708953
86,2683,121,0.1442837875361974
87,1206,120,0.1454738387083978
88,2716,120,0.1466638898805982
89,4973,120,0.14785394105279862
90,5445,120,0.149043992224999
91,1073,119,0.15022412630409773
92,4963,119,0.1514042603831965
93,586,116,0.1525546431829902
94,1527,116,0.15370502598278393
95,33794,116,0.15485540878257764
96,208,115,0.15599587448926971
97,587,115,0.15713634019596176
98,5989,115,0.1582768059026538
99,1968,113,0.15939743742314252
100,185,112,0.16050815185052958
101,5418,112,0.1616188662779166
102,3147,111,0.162719663612202
103,2,110,0.1638105438533857
104,349,110,0.1649014240945694
105,3996,110,0.1659923043357531
106,7438,110,0.1670831845769368
107,253,109,0.16816414772501884
108,924,109,0.16924511087310087
109,1258,109,0.1703260740211829
110,2918,109,0.17140703716926495
111,4878,109,0.17248800031734698
112,329,108,0.17355904637232733
113,2115,108,0.1746300924273077
114,1208,107,0.1756912213891864
115,4896,107,0.1767523503510651
116,48516,107,0.17781347931294378
117,539,106,0.17886469118172083
118,1732,106,0.17991590305049784
119,1923,105,0.1809571978261732
120,68954,105,0.18199849260184855
121,39,104,0.18302987028442222
122,111,104,0.1840612479669959
123,223,104,0.1850926256495696
124,60069,104,0.1861240033321433
125,161,103,0.1871454639216153
126,357,103,0.1881669245110873
127,2706,103,0.18918838510055933
128,6,102,0.19019992859692966
129,778,102,0.1912114720933
130,1222,102,0.19222301558967037
131,5816,102,0.1932345590860407
132,292,101,0.19423618548930938
133,434,101,0.19523781189257805
134,454,101,0.19623943829584672
135,912,100,0.19723114760601373
136,1517,100,0.19822285691618072
137,4022,100,0.19921456622634773
138,44191,100,0.20020627553651474
139,104,99,0.20118806775358006
140,2997,99,0.2021698599706454
141,339,98,0.20314173509460906
142,750,97,0.20410369312547105
143,1617,97,0.20506565115633305
144,2987,97,0.20602760918719504
145,3114,97,0.20698956721805703
146,72998,97,0.20795152524891905
147,1784,96,0.20890356618667935
148,1961,96,0.20985560712443968
149,3949,96,0.2108076480622
150,6365,96,0.21175968899996034
151,2502,94,0.2126918957515173
152,4027,94,0.2136241025030743
153,59315,94,0.2145563092546313
154,551,93,0.2154785989130866
155,4011,93,0.2164008885715419
156,8368,93,0.21732317822999722
157,288,92,0.21823555079535087
158,919,92,0.21914792336070452
159,1917,92,0.22006029592605816
160,2355,92,0.2209726684914118
161,2396,92,0.22188504105676543
162,5378,92,0.22279741362211908
163,8360,92,0.22370978618747273
164,1259,91,0.2246122416597247
165,1356,91,0.22551469713197667
166,1387,91,0.22641715260422865
167,2174,91,0.22731960807648063
168,2797,91,0.2282220635487326
169,3948,91,0.22912451902098457
170,1610,90,0.23001705740013487
171,48780,90,0.2309095957792852
172,21,89,0.23179221706533382
173,1080,89,0.23267483835138245
174,19,88,0.2335475425443294
175,2012,88,0.23442024673727638
176,2324,88,0.23529295093022334
177,2916,88,0.2361656551231703
178,68157,88,0.23703835931611725
179,2011,87,0.23790114641596255
180,2617,87,0.23876393351580785
181,2791,87,0.23962672061565313
182,5618,87,0.24048950771549843
183,141,86,0.24134237772224207
184,1246,86,0.24219524772898568
185,1391,86,0.2430481177357293
186,1653,86,0.24390098774247293
187,1307,85,0.24474394065611488
188,1393,85,0.24558689356975683
189,5218,85,0.24642984648339877
190,95,84,0.24726288230393906
191,410,84,0.24809591812447934
192,904,84,0.24892895394501963
193,1220,84,0.2497619897655599
194,32587,84,0.2505950255861002
195,1101,83,0.2514181443135388
196,1219,83,0.25224126304097744
197,3897,83,0.25306438176841606
198,16,82,0.25387758340275296
199,788,82,0.2546907850370899
200,1584,82,0.2555039866714269
201,300,81,0.25630727121266217
202,317,81,0.2571105557538974
203,442,81,0.2579138402951327
204,48394,81,0.25871712483636794
205,49272,81,0.25952040937760323
206,54286,81,0.26032369391883853
207,62,80,0.2611170613669721
208,1676,80,0.26191042881510573
209,2291,80,0.2627037962632393
210,51662,80,0.26349716371137294
211,1247,79,0.26428061406640485
212,3052,79,0.26506406442143676
213,6934,79,0.26584751477646873
214,8636,79,0.26663096513150064
215,3751,78,0.26740449839343094
216,33493,78,0.2681780316553612
217,337,77,0.2689416478241898
218,594,77,0.26970526399301836
219,1573,77,0.27046888016184695
220,1625,77,0.27123249633067553
221,3623,77,0.2719961124995042
222,8874,77,0.27275972866833276
223,46578,77,0.27352334483716134
224,25,76,0.27427704391288826
225,440,76,0.2750307429886152
226,1225,76,0.2757844420643421
227,2700,76,0.276538141140069
228,6333,76,0.27729184021579595
229,69122,76,0.27804553929152287
230,91529,76,0.2787992383672498
231,2000,75,0.27954302034987505
232,2692,75,0.2802868023325003
233,3175,75,0.28103058431512556
234,3481,75,0.2817743662977508
235,6016,75,0.2825181482803761
236,8665,75,0.2832619302630013
237,368,74,0.2839957951525249
238,1485,74,0.28472966004204847
239,6711,74,0.28546352493157207
240,35836,74,0.28619738982109566
241,3994,73,0.28692133761751754
242,109487,73,0.28764528541393947
243,1201,72,0.28835931611725973
244,3977,72,0.28907334682057995
245,45722,72,0.2897873775239002
246,50872,72,0.2905014082272204
247,1028,71,0.29120552183743903
248,1079,71,0.2919096354476576
249,6373,71,0.2926137490578762
250,40815,71,0.29331786266809473
251,63082,71,0.2940219762783133
252,99114,71,0.2947260898885319
253,11,70,0.29542028640564877
254,235,70,0.29611448292276565
255,474,70,0.2968086794398826
256,1407,70,0.2975028759569995
257,2985,70,0.29819707247411636
258,3408,70,0.2988912689912333
259,4034,70,0.2995854655083502
260,520,69,0.3002697449323654
261,923,69,0.30095402435638063
262,1278,69,0.3016383037803959
263,7147,69,0.30232258320441113
264,89745,69,0.30300686262842635
265,48,68,0.3036812249593399
266,266,68,0.30435558729025347
267,1370,68,0.30502994962116703
268,1380,68,0.3057043119520806
269,2054,68,0.30637867428299415
270,3753,68,0.3070530366139077
271,4979,68,0.3077273989448213
272,17,67,0.3083918441826332
273,36,67,0.30905628942044505
274,1544,67,0.30972073465825695
275,2081,67,0.31038517989606884
276,2353,67,0.31104962513388074
277,2542,67,0.31171407037169263
278,4262,67,0.3123785156095045
279,74458,67,0.3130429608473164
280,163,66,0.31369748899202665
281,508,66,0.3143520171367369
282,1288,66,0.3150065452814471
283,6863,66,0.31566107342615735
284,553,65,0.31630568447776586
285,555,65,0.3169502955293744
286,653,65,0.317594906580983
287,2194,65,0.31823951763259156
288,4246,65,0.3188841286842001
289,5481,65,0.31952873973580864
290,48385,65,0.3201733507874172
291,56367,65,0.3208179618390257
292,70286,65,0.3214625728906343
293,353,64,0.3220972668491412
294,786,64,0.32273196080764804
295,1035,64,0.32336665476615495
296,1234,64,0.32400134872466185
297,1954,64,0.3246360426831687
298,2710,64,0.3252707366416756
299,4025,64,0.32590543060018246
300,4447,64,0.32654012455868936
301,48774,64,0.32717481851719626
302,55820,64,0.3278095124757031
303,435,63,0.32843428934110835
304,1090,63,0.32905906620651354
305,2657,63,0.3296838430719188
306,5502,63,0.33030861993732397
307,158,62,0.3309234797096275
308,173,62,0.33153833948193107
309,1127,62,0.3321531992542346
310,1304,62,0.33276805902653817
311,1374,62,0.3333829187988417
312,3081,62,0.3339977785711452
313,3421,62,0.3346126383434488
314,3671,62,0.3352274981157523
315,7143,62,0.33584235788805583
316,41566,62,0.3364572176603594
317,56174,62,0.33707207743266293
318,509,61,0.3376770201118648
319,552,61,0.3382819627910667
320,2321,61,0.33888690547026856
321,2640,61,0.3394918481494704
322,3253,61,0.3400967908286723
323,3527,61,0.3407017335078742
324,3717,61,0.34130667618707605
325,5459,61,0.3419116188662779
326,8644,61,0.34251656154547977
327,30793,61,0.3431215042246817
328,51255,61,0.34372644690388354
329,466,60,0.34432147248998374
330,596,60,0.34491649807608393
331,903,60,0.34551152366218413
332,1377,60,0.3461065492482843
333,2006,60,0.3467015748343845
334,3471,60,0.34729660042048477
335,5299,60,0.34789162600658496
336,420,59,0.3484767344995835
337,1199,59,0.349061842992582
338,1252,59,0.34964695148558056
339,1500,59,0.3502320599785791
340,1552,59,0.3508171684715776
341,2302,59,0.35140227696457615
342,3033,59,0.3519873854575747
343,3535,59,0.3525724939505732
344,6378,59,0.35315760244357175
345,6942,59,0.3537427109365703
346,33679,59,0.3543278194295688
347,68358,59,0.35491292792256735
348,112852,59,0.3554980364155659
349,370,58,0.35607322781546275
350,708,58,0.3566484192153596
351,953,58,0.3572236106152565
352,1207,58,0.3577988020151533
353,1230,58,0.35837399341505016
354,1394,58,0.35894918481494703
355,1608,58,0.3595243762148439
356,2167,58,0.36009956761474077
357,5669,58,0.36067475901463764
358,6502,58,0.3612499504145345
359,34162,58,0.3618251418144314
360,54001,58,0.36240033321432824
361,69844,58,0.36297552461422505
362,73017,58,0.3635507160141219
363,81845,58,0.3641259074140188
364,160,57,0.364691181720814
365,350,57,0.3652564560276092
366,908,57,0.3658217303344044
367,1203,57,0.36638700464119955
368,1276,57,0.36695227894799476
369,2005,57,0.36751755325478996
370,2268,57,0.36808282756158517
371,2470,57,0.3686481018683803
372,8641,57,0.3692133761751755
373,80463,57,0.3697786504819707
374,1148,56,0.37033400769566427
375,1302,56,0.37088936490935775
376,1641,56,0.3714447221230513
377,1777,56,0.37200007933674484
378,2395,56,0.3725554365504383
379,2529,56,0.37311079376413187
380,2599,56,0.3736661509778254
381,2671,56,0.3742215081915189
382,4370,56,0.37477686540521243
383,53125,56,0.3753322226189059
384,70,55,0.3758776627394978
385,432,55,0.3764231028600897
386,2080,55,0.3769685429806815
387,2804,55,0.3775139831012734
388,4308,55,0.3780594232218652
389,4720,55,0.3786048633424571
390,5956,55,0.3791503034630489
391,54503,55,0.3796957435836408
392,78499,55,0.3802411837042326
393,7,54,0.3807767067317228
394,168,54,0.381312229759213
395,784,54,0.3818477527867032
396,2406,54,0.38238327581419335
397,2572,54,0.3829187988416835
398,4018,54,0.3834543218691737
399,4816,54,0.3839898448966639
400,59784,54,0.3845253679241541
401,91500,54,0.38506089095164425
402,106782,54,0.3855964139791344
403,122904,54,0.3861319370066246
404,172,53,0.3866575429410131
405,485,53,0.3871831488754016
406,673,53,0.38770875480979017
407,1282,53,0.38823436074417866
408,1997,53,0.38875996667856716
409,2078,53,0.3892855726129557
410,2699,53,0.3898111785473442
411,2701,53,0.3903367844817327
412,2712,53,0.39086239041612125
413,2947,53,0.39138799635050975
414,3489,53,0.39191360228489824
415,3911,53,0.39243920821928674
416,49530,53,0.3929648141536753
417,71535,53,0.3934904200880638
418,76093,53,0.3940160260224523
419,3,52,0.3945317148637391
420,225,52,0.395047403705026
421,1466,52,0.39556309254631283
422,1639,52,0.39607878138759967
423,3160,52,0.3965944702288865
424,3552,52,0.39711015907017333
425,6870,52,0.3976258479114602
426,30707,52,0.39814153675274705
427,45499,52,0.3986572255940339
428,52973,52,0.3991729144353207
429,109374,52,0.39968860327660755
430,145,51,0.4001943750247927
431,1215,51,0.4007001467729779
432,1645,51,0.40120591852116305
433,2100,51,0.4017116902693483
434,4239,51,0.40221746201753344
435,4776,51,0.4027232337657186
436,4848,51,0.4032290055139038
437,333,50,0.4037248601689873
438,910,50,0.4042207148240708
439,2105,50,0.4047165694791543
440,2424,50,0.40521242413423775
441,3785,50,0.40570827878932125
442,5010,50,0.40620413344440476
443,8361,50,0.40669998809948826
444,8464,50,0.40719584275457177
445,33166,50,0.4076916974096553
446,34048,50,0.4081875520647388
447,34405,50,0.4086834067198223
448,88125,50,0.4091792613749058
449,96079,50,0.4096751160299893
450,116797,50,0.4101709706850728
451,5,49,0.41065690824705464
452,216,49,0.41114284580903643
453,661,49,0.41162878337101827
454,2144,49,0.4121147209330001
455,2641,49,0.41260065849498195
456,3176,49,0.4130865960569638
457,4643,49,0.41357253361894564
458,5464,49,0.4140584711809274
459,5991,49,0.41454440874290926
460,45447,49,0.4150303463048911
461,186,48,0.4155063667737713
462,745,48,0.4159823872426514
463,1275,48,0.4164584077115316
464,1729,48,0.41693442818041176
465,1748,48,0.41741044864929194
466,2019,48,0.41788646911817207
467,2694,48,0.41836248958705224
468,2763,48,0.4188385100559324
469,3000,48,0.41931453052481255
470,7458,48,0.4197905509936927
471,8784,48,0.4202665714625729
472,30749,48,0.420742591931453
473,134130,48,0.4212186124003332
474,783,47,0.4216847157761117
475,899,47,0.4221508191518902
476,1092,47,0.4226169225276687
477,1320,47,0.4230830259034472
478,1358,47,0.42354912927922567
479,1367,47,0.4240152326550042
480,1921,47,0.42448133603078264
481,1994,47,0.42494743940656116
482,2001,47,0.4254135427823396
483,2539,47,0.42587964615811813
484,2717,47,0.42634574953389665
485,4014,47,0.4268118529096751
486,5679,47,0.4272779562854536
487,7293,47,0.4277440596612321
488,8529,47,0.4282101630370106
489,77561,47,0.4286762664127891
490,81834,47,0.42914236978856757
491,122882,47,0.4296084731643461
492,44,46,0.4300646594470229
493,112,46,0.43052084572969973
494,802,46,0.4309770320123765
495,1396,46,0.4314332182950534
496,1884,46,0.4318894045777302
497,2002,46,0.432345590860407
498,2076,46,0.4328017771430838
499,3752,46,0.4332579634257606
500,4085,46,0.43371414970843747
501,5060,46,0.43417033599111426
502,5902,46,0.4346265222737911
503,5995,46,0.4350827085564679
504,7254,46,0.43553889483914476
505,47099,46,0.43599508112182156
506,54272,46,0.4364512674044984
507,64614,46,0.4369074536871752
508,196,45,0.43735372287675034
509,236,45,0.4377999920663255
510,616,45,0.43824626125590066
511,920,45,0.43869253044547585
512,1183,45,0.439138799635051
513,1204,45,0.4395850688246261
514,1250,45,0.4400313380142013
515,1266,45,0.44047760720377643
516,1371,45,0.44092387639335157
517,1690,45,0.44137014558292675
518,1722,45,0.4418164147725019
519,1907,45,0.442262683962077
520,2023,45,0.4427089531516522
521,2288,45,0.44315522234122734
522,2294,45,0.44360149153080247
523,2490,45,0.44404776072037766
524,2890,45,0.4444940299099528
525,3255,45,0.4449402990995279
526,3863,45,0.4453865682891031
527,4270,45,0.44583283747867825
528,4369,45,0.4462791066682534
529,4571,45,0.44672537585782857
530,4718,45,0.4471716450474037
531,6537,45,0.44761791423697883
532,31685,45,0.448064183426554
533,151,44,0.4485005355230275
534,849,44,0.44893688761950096
535,913,44,0.4493732397159744
536,1333,44,0.44980959181244795
537,2085,44,0.4502459439089214
538,3499,44,0.4506822960053949
539,3755,44,0.45111864810186836
540,4975,44,0.4515550001983419
541,5377,44,0.45199135229481535
542,5903,44,0.4524277043912888
543,8798,44,0.4528640564877623
544,33004,44,0.4533004085842358
545,37729,44,0.4537367606807093
546,46976,44,0.45417311277718275
547,52722,44,0.4546094648736562
548,79702,44,0.4550458169701297
549,111759,44,0.4554821690666032
550,252,43,0.455908604069975
551,497,43,0.4563350390733468
552,852,43,0.45676147407671863
553,1262,43,0.45718790908009044
554,1263,43,0.45761434408346224
555,1376,43,0.45804077908683405
556,1597,43,0.45846721409020585
557,1876,43,0.4588936490935777
558,2161,43,0.4593200840969495
559,2278,43,0.4597465191003213
560,2407,43,0.46017295410369313
561,2455,43,0.46059938910706494
562,2605,43,0.46102582411043674
563,3275,43,0.46145225911380855
564,3363,43,0.46187869411718036
565,3448,43,0.46230512912055216
566,3624,43,0.462731564123924
567,4310,43,0.4631579991272958
568,8984,43,0.46358443413066763
569,47610,43,0.46401086913403944
570,60684,43,0.46443730413741124
571,76251,43,0.46486373914078305
572,87232,43,0.46529017414415486
573,134853,43,0.46571660914752666
574,261,42,0.4661331270577968
575,355,42,0.46654964496806695
576,431,42,0.4669661628783371
577,441,42,0.46738268078860723
578,785,42,0.46779919869887737
579,1022,42,0.4682157166091475
580,1042,42,0.46863223451941766
581,1088,42,0.4690487524296878
582,1094,42,0.46946527033995794
583,1372,42,0.4698817882502281
584,1375,42,0.4702983061604982
585,1562,42,0.47071482407076837
586,1909,42,0.4711313419810385
587,1967,42,0.47154785989130865
588,2273,42,0.4719643778015788
589,2724,42,0.47238089571184894
590,2915,42,0.4727974136221191
591,3210,42,0.4732139315323892
592,3301,42,0.47363044944265936
593,3868,42,0.4740469673529295
594,59369,42,0.47446348526319965
595,69757,42,0.4748800031734698
596,81591,42,0.47529652108373993
597,91658,42,0.4757130389940101
598,494,41,0.47611963981117855
599,543,41,0.47652624062834703
600,762,41,0.4769328414455155
601,1242,41,0.477339442262684
602,1285,41,0.4777460430798524
603,2003,41,0.4781526438970209
604,2087,41,0.47855924471418937
605,2968,41,0.47896584553135785
606,3418,41,0.4793724463485263
607,3617,41,0.4797790471656948
608,3916,41,0.4801856479828633
609,4299,41,0.4805922488000317
610,5810,41,0.4809988496172002
611,7373,41,0.48140545043436866
612,45517,41,0.48181205125153714
613,55247,41,0.4822186520687056
614,57669,41,0.4826252528858741
615,115617,41,0.4830318537030426
616,122886,41,0.48343845452021106
617,224,40,0.4838351382442778
618,282,40,0.48423182196834463
619,376,40,0.48462850569241145
620,471,40,0.48502518941647826
621,529,40,0.485421873140545
622,1032,40,0.48581855686461184
623,1228,40,0.48621524058867865
624,1233,40,0.48661192431274547
625,1569,40,0.48700860803681223
626,1674,40,0.48740529176087904
627,2193,40,0.48780197548494586
628,2541,40,0.4881986592090127
629,3703,40,0.48859534293307944
630,4223,40,0.48899202665714625
631,4367,40,0.48938871038121307
632,6218,40,0.4897853941052799
633,6807,40,0.49018207782934664
634,31658,40,0.49057876155341346
635,33615,40,0.49097544527748027
636,41569,40,0.4913721290015471
637,44199,40,0.49176881272561385
638,98809,40,0.49216549644968066
639,1129,39,0.4925522630806458
640,1274,39,0.4929390297116109
641,1408,39,0.49332579634257606
642,1673,39,0.4937125629735412
643,1953,39,0.4940993296045063
644,2094,39,0.49448609623547146
645,2248,39,0.4948728628664366
646,2580,39,0.4952596294974017
647,2723,39,0.49564639612836686
648,2746,39,0.49603316275933196
649,2761,39,0.4964199293902971
650,2908,39,0.49680669602126226
651,2951,39,0.49719346265222736
652,3039,39,0.4975802292831925
653,3082,39,0.49796699591415766
654,3174,39,0.49835376254512276
655,3300,39,0.4987405291760879
656,3826,39,0.49912729580705306
657,4148,39,0.49951406243801816
658,6188,39,0.4999008290689833
659,6936,39,0.5002875956999484
660,7451,39,0.5006743623309136
661,8528,39,0.5010611289618787
662,8949,39,0.5014478955928439
663,27773,39,0.5018346622238089
664,40819,39,0.502221428854774
665,53996,39,0.5026081954857392
666,58998,39,0.5029949621167044
667,59615,39,0.5033817287476695
668,61323,39,0.5037684953786347
669,29,38,0.5041453449164981
670,31,38,0.5045221944543615
671,277,38,0.504899043992225
672,315,38,0.5052758935300885
673,2018,38,0.5056527430679519
674,2124,38,0.5060295926058154
675,2289,38,0.5064064421436788
676,2420,38,0.5067832916815423
677,2770,38,0.5071601412194058
678,3362,38,0.5075369907572692
679,3702,38,0.5079138402951326
680,7090,38,0.5082906898329962
681,8533,38,0.5086675393708596
682,8950,38,0.5090443889087231
683,8972,38,0.5094212384465865
684,44665,38,0.50979808798445
685,51540,38,0.5101749375223135
686,79091,38,0.5105517870601769
687,91542,38,0.5109286365980403
688,112552,38,0.5113054861359039
689,58,37,0.5116724185806656
690,455,37,0.5120393510254274
691,832,37,0.5124062834701892
692,1020,37,0.5127732159149511
693,1093,37,0.5131401483597128
694,2021,37,0.5135070808044746
695,3967,37,0.5138740132492364
696,4016,37,0.5142409456939981
697,5266,37,0.51460787813876
698,5971,37,0.5149748105835218
699,8376,37,0.5153417430282835
700,8622,37,0.5157086754730453
701,30810,37,0.5160756079178072
702,55765,37,0.5164425403625689
703,64957,37,0.5168094728073307
704,92259,37,0.5171764052520925
705,112556,37,0.5175433376968543
706,22,36,0.5179003530485145
707,180,36,0.5182573684001746
708,345,36,0.5186143837518347
709,585,36,0.5189713991034948
710,671,36,0.5193284144551549
711,902,36,0.519685429806815
712,1059,36,0.5200424451584752
713,1060,36,0.5203994605101353
714,1345,36,0.5207564758617954
715,2231,36,0.5211134912134555
716,2581,36,0.5214705065651156
717,2948,36,0.5218275219167757
718,3034,36,0.5221845372684358
719,3101,36,0.522541552620096
720,3108,36,0.5228985679717562
721,3247,36,0.5232555833234163
722,3510,36,0.5236125986750764
723,4638,36,0.5239696140267365
724,6947,36,0.5243266293783966
725,34150,36,0.5246836447300567
726,44195,36,0.5250406600817168
727,119145,36,0.525397675433377
728,170,35,0.5257447736919354
729,193,35,0.5260918719504939
730,256,35,0.5264389702090523
731,628,35,0.5267860684676108
732,719,35,0.5271331667261693
733,805,35,0.5274802649847277
734,914,35,0.5278273632432862
735,1029,35,0.5281744615018445
736,1084,35,0.528521559760403
737,1249,35,0.5288686580189614
738,2427,35,0.5292157562775199
739,3361,35,0.5295628545360784
740,3409,35,0.5299099527946368
741,3809,35,0.5302570510531953
742,7445,35,0.5306041493117537
743,30812,35,0.5309512475703122
744,31696,35,0.5312983458288706
745,36529,35,0.5316454440874291
746,38061,35,0.5319925423459876
747,60040,35,0.532339640604546
748,63113,35,0.5326867388631045
749,66097,35,0.5330338371216629
750,60,34,0.5333710182871196
751,327,34,0.5337081994525764
752,362,34,0.5340453806180332
753,524,34,0.53438256178349
754,969,34,0.5347197429489468
755,1172,34,0.5350569241144035
756,1261,34,0.5353941052798604
757,1287,34,0.5357312864453172
758,1663,34,0.536068467610774
759,1947,34,0.5364056487762308
760,2140,34,0.5367428299416875
761,3698,34,0.5370800111071443
762,3882,34,0.5374171922726011
763,4344,34,0.5377543734380579
764,4641,34,0.5380915546035147
765,4734,34,0.5384287357689714
766,5254,34,0.5387659169344282
767,6287,34,0.539103098099885
768,6708,34,0.5394402792653418
769,8807,34,0.5397774604307986
770,39183,34,0.5401146415962553
771,44555,34,0.5404518227617121
772,45720,34,0.5407890039271689
773,54259,34,0.5411261850926257
774,64839,34,0.5414633662580824
775,64969,34,0.5418005474235392
776,69481,34,0.542137728588996
777,85414,34,0.5424749097544528
778,86332,34,0.5428120909199096
779,265,33,0.5431393549922646
780,342,33,0.5434666190646198
781,610,33,0.5437938831369749
782,637,33,0.54412114720933
783,837,33,0.5444484112816851
784,1047,33,0.5447756753540403
785,1244,33,0.5451029394263953
786,1272,33,0.5454302034987505
787,1882,33,0.5457574675711055
788,1918,33,0.5460847316434607
789,2145,33,0.5464119957158158
790,2300,33,0.5467392597881708
791,2393,33,0.547066523860526
792,2949,33,0.5473937879328811
793,3396,33,0.5477210520052362
794,3555,33,0.5480483160775913
795,3681,33,0.5483755801499465
796,3988,33,0.5487028442223015
797,4015,33,0.5490301082946567
798,4874,33,0.5493573723670118
799,5388,33,0.5496846364393669
800,5673,33,0.550011900511722
801,6534,33,0.5503391645840772
802,6754,33,0.5506664286564322
803,8957,33,0.5509936927287873
804,30825,33,0.5513209568011425
805,53322,33,0.5516482208734975
806,61132,33,0.5519754849458527
807,45,32,0.5522928319251061
808,303,32,0.5526101789043596
809,1644,32,0.552927525883613
810,1911,32,0.5532448728628664
811,1912,32,0.5535622198421198
812,2160,32,0.5538795668213733
813,2944,32,0.5541969138006267
814,3257,32,0.5545142607798802
815,3285,32,0.5548316077591336
816,4361,32,0.5551489547383871
817,5064,32,0.5554663017176406
818,6157,32,0.555783648696894
819,6281,32,0.5561009956761475
820,6541,32,0.5564183426554008
821,8917,32,0.5567356896346543
822,8970,32,0.5570530366139077
823,53972,32,0.5573703835931612
824,68237,32,0.5576877305724146
825,72011,32,0.5580050775516681
826,88129,32,0.5583224245309215
827,88140,32,0.558639771510175
828,96610,32,0.5589571184894284
829,102125,32,0.5592744654686819
830,104841,32,0.5595918124479352
831,152081,32,0.5599091594271887
832,65,31,0.5602165893133405
833,135,31,0.5605240191994922
834,272,31,0.560831449085644
835,724,31,0.5611388789717958
836,1405,31,0.5614463088579476
837,1566,31,0.5617537387440993
838,1587,31,0.5620611686302511
839,1717,31,0.5623685985164029
840,1747,31,0.5626760284025546
841,1805,31,0.5629834582887064
842,2064,31,0.5632908881748582
843,2953,31,0.5635983180610099
844,3006,31,0.5639057479471618
845,3256,31,0.5642131778333135
846,3386,31,0.5645206077194652
847,4321,31,0.5648280376056171
848,4446,31,0.5651354674917688
849,4701,31,0.5654428973779206
850,4890,31,0.5657503272640724
851,5630,31,0.5660577571502241
852,34319,31,0.566365187036376
853,46723,31,0.5666726169225277
854,61024,31,0.5669800468086794
855,72641,31,0.5672874766948313
856,88163,31,0.567594906580983
857,97938,31,0.5679023364671347
858,108932,31,0.5682097663532866
859,110102,31,0.5685171962394383
860,139385,31,0.56882462612559
861,204,30,0.5691221389186402
862,348,30,0.5694196517116903
863,838,30,0.5697171645047404
864,915,30,0.5700146772977904
865,1267,30,0.5703121900908406
866,1271,30,0.5706097028838907
867,1373,30,0.5709072156769408
868,1479,30,0.5712047284699909
869,2058,30,0.5715022412630409
870,2403,30,0.5717997540560911
871,2423,30,0.5720972668491412
872,2501,30,0.5723947796421913
873,2871,30,0.5726922924352413
874,5219,30,0.5729898052282915
875,7022,30,0.5732873180213416
876,38038,30,0.5735848308143917
877,56757,30,0.5738823436074418
878,84152,30,0.5741798564004919
879,95167,30,0.574477369193542
880,95510,30,0.5747748819865921
881,97921,30,0.5750723947796422
882,111362,30,0.5753699075726922
883,246,29,0.5756575032726408
884,647,29,0.5759450989725892
885,743,29,0.5762326946725376
886,898,29,0.576520290372486
887,1061,29,0.5768078860724345
888,1269,29,0.5770954817723829
889,1339,29,0.5773830774723313
890,1513,29,0.5776706731722797
891,1831,29,0.5779582688722281
892,2384,29,0.5782458645721766
893,2411,29,0.578533460272125
894,2421,29,0.5788210559720735
895,2485,29,0.5791086516720219
896,2722,29,0.5793962473719704
897,3168,29,0.5796838430719188
898,3273,29,0.5799714387718672
899,3450,29,0.5802590344718156
900,3745,29,0.580546630171764
901,3825,29,0.5808342258717125
902,5444,29,0.5811218215716609
903,6155,29,0.5814094172716093
904,60074,29,0.5816970129715577
905,94959,29,0.5819846086715063
906,106696,29,0.5822722043714547
907,115149,29,0.5825598000714031
908,24,28,0.5828374786782499
909,52,28,0.5831151572850966
910,198,28,0.5833928358919434
911,273,28,0.5836705144987901
912,968,28,0.5839481931056368
913,1027,28,0.5842258717124836
914,1077,28,0.5845035503193304
915,1223,28,0.5847812289261771
916,1299,28,0.5850589075330239
917,2150,28,0.5853365861398707
918,2243,28,0.5856142647467174
919,2335,28,0.5858919433535642
920,2788,28,0.586169621960411
921,3186,28,0.5864473005672577
922,3740,28,0.5867249791741045
923,4019,28,0.5870026577809513
924,4232,28,0.587280336387798
925,5620,28,0.5875580149946448
926,45186,28,0.5878356936014916
927,46970,28,0.5881133722083383
928,56782,28,0.5883910508151851
929,60756,28,0.5886687294220319
930,74789,28,0.5889464080288785
931,82459,28,0.5892240866357253
932,97304,28,0.5895017652425721
933,115713,28,0.5897794438494188
934,720,27,0.5900472053631639
935,741,27,0.590314966876909
936,880,27,0.5905827283906542
937,909,27,0.5908504899043993
938,922,27,0.5911182514181443
939,1021,27,0.5913860129318894
940,1120,27,0.5916537744456345
941,1179,27,0.5919215359593796
942,1257,27,0.5921892974731247
943,1293,27,0.5924570589868697
944,1347,27,0.5927248205006148
945,1499,27,0.59299258201436
946,1982,27,0.5932603435281051
947,2109,27,0.5935281050418502
948,2232,27,0.5937958665555952
949,2431,27,0.5940636280693403
950,3072,27,0.5943313895830854
951,3252,27,0.5945991510968305
952,3254,27,0.5948669126105756
953,3269,27,0.5951346741243206
954,3424,27,0.5954024356380657
955,3968,27,0.5956701971518109
956,4002,27,0.595937958665556
957,4343,27,0.5962057201793011
958,4700,27,0.5964734816930461
959,4901,27,0.5967412432067912
960,5013,27,0.5970090047205363
961,5872,27,0.5972767662342814
962,6503,27,0.5975445277480265
963,6787,27,0.5978122892617715
964,8873,27,0.5980800507755166
965,37733,27,0.5983478122892618
966,40629,27,0.5986155738030069
967,52281,27,0.598883335316752
968,57368,27,0.599151096830497
969,80549,27,0.5994188583442421
970,88744,27,0.5996866198579872
971,94864,27,0.5999543813717323
972,102445,27,0.6002221428854774
973,122892,27,0.6004899043992225
974,122900,27,0.6007576659129676
975,122918,27,0.6010254274267127
976,166528,27,0.6012931889404578
977,107,26,0.6015510333611012
978,413,26,0.6018088777817446
979,916,26,0.602066722202388
980,1235,26,0.6023245666230315
981,1476,26,0.6025824110436748
982,1591,26,0.6028402554643183
983,1614,26,0.6030980998849618
984,1960,26,0.6033559443056051
985,2082,26,0.6036137887262486
986,2359,26,0.603871633146892
987,2409,26,0.6041294775675354
988,2478,26,0.6043873219881788
989,2616,26,0.6046451664088223
990,2795,26,0.6049030108294656
991,2826,26,0.6051608552501091
992,3148,26,0.6054186996707525
993,3264,26,0.6056765440913959
994,3476,26,0.6059343885120394
995,3556,26,0.6061922329326828
996,3638,26,0.6064500773533262
997,3869,26,0.6067079217739696
998,3969,26,0.6069657661946131
999,4128,26,0.6072236106152564
1000,4388,26,0.6074814550358999
1001,5574,26,0.6077392994565433
1002,5945,26,0.6079971438771867
1003,6957,26,0.6082549882978301
1004,8783,26,0.6085128327184736
1005,53519,26,0.608770677139117
1006,68319,26,0.6090285215597604
1007,89492,26,0.6092863659804039
1008,93510,26,0.6095442104010472
1009,106487,26,0.6098020548216907
1010,112183,26,0.6100598992423341
1011,148626,26,0.6103177436629775
1012,164179,26,0.6105755880836209
1013,374,25,0.6108235154111626
1014,475,25,0.6110714427387044
1015,1025,25,0.6113193700662461
1016,1086,25,0.6115672973937879
1017,1253,25,0.6118152247213297
1018,1343,25,0.6120631520488714
1019,1378,25,0.6123110793764132
1020,1590,25,0.6125590067039549
1021,1680,25,0.6128069340314967
1022,1801,25,0.6130548613590384
1023,2020,25,0.6133027886865802
1024,2186,25,0.6135507160141219
1025,2352,25,0.6137986433416637
1026,2366,25,0.6140465706692054
1027,2394,25,0.6142944979967472
1028,2598,25,0.6145424253242889
1029,2872,25,0.6147903526518307
1030,2986,25,0.6150382799793724
1031,3005,25,0.6152862073069142
1032,3438,25,0.6155341346344559
1033,3462,25,0.6157820619619977
1034,3534,25,0.6160299892895394
1035,3608,25,0.6162779166170812
1036,3798,25,0.616525843944623
1037,4823,25,0.6167737712721647
1038,5617,25,0.6170216985997065
1039,6953,25,0.6172696259272482
1040,8983,25,0.61751755325479
1041,27706,25,0.6177654805823317
1042,46530,25,0.6180134079098735
1043,51935,25,0.6182613352374152
1044,53953,25,0.618509262564957
1045,54997,25,0.6187571898924987
1046,67255,25,0.6190051172200405
1047,86882,25,0.6192530445475822
1048,106489,25,0.619500971875124
1049,106920,25,0.6197488992026657
1050,168252,25,0.6199968265302075
1051,215,24,0.6202348367646475
1052,230,24,0.6204728469990877
1053,307,24,0.6207108572335277
1054,515,24,0.6209488674679677
1055,531,24,0.6211868777024079
1056,926,24,0.6214248879368479
1057,1031,24,0.6216628981712881
1058,1037,24,0.6219009084057281
1059,1125,24,0.6221389186401682
1060,1212,24,0.6223769288746083
1061,1357,24,0.6226149391090483
1062,1385,24,0.6228529493434884
1063,1438,24,0.6230909595779285
1064,1449,24,0.6233289698123686
1065,1711,24,0.6235669800468087
1066,1883,24,0.6238049902812488
1067,1945,24,0.6240430005156888
1068,2046,24,0.6242810107501289
1069,2108,24,0.624519020984569
1070,2369,24,0.624757031219009
1071,2371,24,0.6249950414534492
1072,2410,24,0.6252330516878892
1073,2471,24,0.6254710619223294
1074,2528,24,0.6257090721567694
1075,2687,24,0.6259470823912094
1076,2993,24,0.6261850926256496
1077,3037,24,0.6264231028600896
1078,3087,24,0.6266611130945298
1079,3098,24,0.6268991233289698
1080,3704,24,0.6271371335634099
1081,3979,24,0.62737514379785
1082,4489,24,0.62761315403229
1083,5103,24,0.6278511642667302
1084,5110,24,0.6280891745011702
1085,5507,24,0.6283271847356103
1086,6350,24,0.6285651949700504
1087,6593,24,0.6288032052044905
1088,7173,24,0.6290412154389305
1089,7454,24,0.6292792256733706
1090,49286,24,0.6295172359078107
1091,56775,24,0.6297552461422508
1092,66934,24,0.6299932563766909
1093,81847,24,0.6302312666111309
1094,86880,24,0.6304692768455711
1095,87869,24,0.6307072870800111
1096,101,23,0.6309353802213495
1097,105,23,0.631163473362688
1098,562,23,0.6313915665040264
1099,799,23,0.6316196596453647
1100,866,23,0.6318477527867031
1101,933,23,0.6320758459280416
1102,1186,23,0.63230393906938
1103,1256,23,0.6325320322107184
1104,1298,23,0.6327601253520568
1105,1321,23,0.6329882184933953
1106,1409,23,0.6332163116347336
1107,1779,23,0.633444404776072
1108,1792,23,0.6336724979174104
1109,1962,23,0.6339005910587489
1110,2052,23,0.6341286842000873
1111,2336,23,0.6343567773414257
1112,2428,23,0.6345848704827641
1113,2496,23,0.6348129636241026
1114,2805,23,0.6350410567654409
1115,2840,23,0.6352691499067793
1116,2991,23,0.6354972430481177
1117,3107,23,0.6357253361894561
1118,3827,23,0.6359534293307946
1119,4023,23,0.636181522472133
1120,4161,23,0.6364096156134714
1121,4235,23,0.6366377087548097
1122,7099,23,0.6368658018961482
1123,7323,23,0.6370938950374866
1124,8371,23,0.637321988178825
1125,37741,23,0.6375500813201634
1126,44022,23,0.6377781744615019
1127,45672,23,0.6380062676028403
1128,46972,23,0.6382343607441787
1129,81932,23,0.638462453885517
1130,116823,23,0.6386905470268555
1131,117529,23,0.6389186401681939
1132,203,22,0.6391368162164306
1133,227,22,0.6393549922646674
1134,237,22,0.6395731683129041
1135,276,22,0.6397913443611408
1136,468,22,0.6400095204093776
1137,748,22,0.6402276964576143
1138,1188,22,0.640445872505851
1139,1231,22,0.6406640485540879
1140,1350,22,0.6408822246023246
1141,1586,22,0.6411004006505613
1142,1952,22,0.641318576698798
1143,1958,22,0.6415367527470348
1144,2096,22,0.6417549287952715
1145,2134,22,0.6419731048435082
1146,2245,22,0.642191280891745
1147,2378,22,0.6424094569399817
1148,2391,22,0.6426276329882185
1149,2600,22,0.6428458090364553
1150,2642,22,0.643063985084692
1151,2707,22,0.6432821611329287
1152,3100,22,0.6435003371811655
1153,3104,22,0.6437185132294022
1154,3105,22,0.6439366892776389
1155,3263,22,0.6441548653258756
1156,3317,22,0.6443730413741124
1157,3360,22,0.6445912174223491
1158,3504,22,0.6448093934705859
1159,4069,22,0.6450275695188227
1160,4105,22,0.6452457455670594
1161,5171,22,0.6454639216152961
1162,5283,22,0.6456820976635329
1163,5313,22,0.6459002737117696
1164,5449,22,0.6461184497600063
1165,5954,22,0.6463366258082431
1166,6323,22,0.6465548018564798
1167,6773,22,0.6467729779047166
1168,27904,22,0.6469911539529533
1169,54995,22,0.6472093300011901
1170,60072,22,0.6474275060494268
1171,63992,22,0.6476456820976635
1172,80489,22,0.6478638581459003
1173,91630,22,0.648082034194137
1174,93840,22,0.6483002102423737
1175,97913,22,0.6485183862906105
1176,102903,22,0.6487365623388472
1177,103042,22,0.648954738387084
1178,122920,22,0.6491729144353208
1179,122922,22,0.6493910904835575
1180,207,21,0.6495993494386926
1181,247,21,0.6498076083938276
1182,262,21,0.6500158673489627
1183,371,21,0.6502241263040978
1184,372,21,0.6504323852592329
1185,379,21,0.6506406442143678
1186,383,21,0.650848903169503
1187,519,21,0.651057162124638
1188,546,21,0.6512654210797731
1189,707,21,0.6514736800349081
1190,830,21,0.6516819389900432
1191,1049,21,0.6518901979451783
1192,1091,21,0.6520984569003134
1193,1175,21,0.6523067158554484
1194,1965,21,0.6525149748105835
1195,2010,21,0.6527232337657186
1196,2013,21,0.6529314927208537
1197,2067,21,0.6531397516759887
1198,2125,21,0.6533480106311238
1199,2137,21,0.6535562695862589
1200,2139,21,0.653764528541394
1201,2375,21,0.653972787496529
1202,2376,21,0.6541810464516641
1203,2405,21,0.6543893054067992
1204,2720,21,0.6545975643619343
1205,2989,21,0.6548058233170693
1206,3070,21,0.6550140822722044
1207,3298,21,0.6552223412273395
1208,3354,21,0.6554306001824746
1209,3536,21,0.6556388591376096
1210,3697,21,0.6558471180927447
1211,3984,21,0.6560553770478798
1212,4247,21,0.6562636360030148
1213,5225,21,0.6564718949581498
1214,6979,21,0.6566801539132849
1215,7325,21,0.65688841286842
1216,7444,21,0.6570966718235551
1217,8910,21,0.6573049307786901
1218,34437,21,0.6575131897338252
1219,37386,21,0.6577214486889603
1220,41997,21,0.6579297076440953
1221,53000,21,0.6581379665992304
1222,53121,21,0.6583462255543655
1223,55269,21,0.6585544845095006
1224,62434,21,0.6587627434646356
1225,72378,21,0.6589710024197707
1226,79592,21,0.6591792613749058
1227,84954,21,0.6593875203300409
1228,86833,21,0.6595957792851759
1229,87306,21,0.659804038240311
1230,88810,21,0.6600122971954461
1231,95441,21,0.6602205561505812
1232,104211,21,0.6604288151057162
1233,105504,21,0.6606370740608513
1234,106072,21,0.6608453330159864
1235,107406,21,0.6610535919711215
1236,18,20,0.6612519338331548
1237,69,20,0.6614502756951882
1238,175,20,0.6616486175572216
1239,308,20,0.661846959419255
1240,319,20,0.6620453012812885
1241,419,20,0.6622436431433218
1242,737,20,0.6624419850053552
1243,930,20,0.6626403268673886
1244,1015,20,0.662838668729422
1245,1033,20,0.6630370105914555
1246,1104,20,0.6632353524534889
1247,1245,20,0.6634336943155222
1248,1292,20,0.6636320361775556
1249,1297,20,0.663830378039589
1250,1429,20,0.6640287199016225
1251,1588,20,0.6642270617636559
1252,1616,20,0.6644254036256892
1253,1688,20,0.6646237454877226
1254,2053,20,0.664822087349756
1255,2133,20,0.6650204292117894
1256,2253,20,0.6652187710738229
1257,2340,20,0.6654171129358563
1258,2990,20,0.6656154547978896
1259,3910,20,0.665813796659923
1260,3986,20,0.6660121385219564
1261,4007,20,0.6662104803839899
1262,4448,20,0.6664088222460233
1263,4545,20,0.6666071641080566
1264,4623,20,0.66680550597009
1265,4855,20,0.6670038478321234
1266,4865,20,0.6672021896941569
1267,4958,20,0.6674005315561903
1268,4980,20,0.6675988734182237
1269,5881,20,0.667797215280257
1270,6283,20,0.6679955571422904
1271,6297,20,0.6681938990043238
1272,6873,20,0.6683922408663573
1273,6888,20,0.6685905827283907
1274,7346,20,0.668788924590424
1275,7371,20,0.6689872664524574
1276,7387,20,0.6691856083144908
1277,8969,20,0.6693839501765243
1278,27660,20,0.6695822920385577
1279,31410,20,0.6697806339005911
1280,36401,20,0.6699789757626244
1281,39292,20,0.6701773176246578
1282,48738,20,0.6703756594866913
1283,49278,20,0.6705740013487247
1284,53464,20,0.6707723432107581
1285,55290,20,0.6709706850727915
1286,56949,20,0.6711690269348248
1287,63131,20,0.6713673687968582
1288,69526,20,0.6715657106588917
1289,81229,20,0.6717640525209251
1290,81564,20,0.6719623943829585
1291,88405,20,0.6721607362449918
1292,96588,20,0.6723590781070252
1293,96821,20,0.6725574199690587
1294,101864,20,0.6727557618310921
1295,102407,20,0.6729541036931255
1296,106918,20,0.6731524455551589
1297,122916,20,0.6733507874171922
1298,12,19,0.673539212186124
1299,338,19,0.6737276369550558
1300,481,19,0.6739160617239874
1301,761,19,0.6741044864929192
1302,765,19,0.674292911261851
1303,800,19,0.6744813360307826
1304,1100,19,0.6746697607997144
1305,1224,19,0.6748581855686461
1306,1283,19,0.6750466103375778
1307,1381,19,0.6752350351065096
1308,1441,19,0.6754234598754413
1309,1556,19,0.675611884644373
1310,1693,19,0.6758003094133048
1311,2009,19,0.6759887341822365
1312,2083,19,0.6761771589511683
1313,2402,19,0.6763655837200999
1314,2567,19,0.6765540084890317
1315,2686,19,0.6767424332579635
1316,2792,19,0.6769308580268951
1317,2863,19,0.6771192827958269
1318,2881,19,0.6773077075647587
1319,3083,19,0.6774961323336903
1320,3157,19,0.6776845571026221
1321,3328,19,0.6778729818715538
1322,3593,19,0.6780614066404855
1323,3683,19,0.6782498314094173
1324,3744,19,0.678438256178349
1325,3861,19,0.6786266809472807
1326,3893,19,0.6788151057162125
1327,4084,19,0.6790035304851442
1328,4366,19,0.6791919552540759
1329,4873,19,0.6793803800230076
1330,5308,19,0.6795688047919394
1331,5528,19,0.6797572295608711
1332,5782,19,0.6799456543298028
1333,5943,19,0.6801340790987346
1334,5944,19,0.6803225038676664
1335,5957,19,0.680510928636598
1336,6156,19,0.6806993534055298
1337,6383,19,0.6808877781744616
1338,8958,19,0.6810762029433932
1339,27611,19,0.681264627712325
1340,27831,19,0.6814530524812566
1341,31878,19,0.6816414772501884
1342,32031,19,0.6818299020191202
1343,48304,19,0.6820183267880519
1344,55118,19,0.6822067515569836
1345,82461,19,0.6823951763259154
1346,89864,19,0.6825836010948471
1347,97752,19,0.6827720258637788
1348,103249,19,0.6829604506327105
1349,103335,19,0.6831488754016423
1350,112138,19,0.683337300170574
1351,142488,19,0.6835257249395057
1352,14,18,0.6837042326153357
1353,194,18,0.6838827402911658
1354,249,18,0.684061247966996
1355,428,18,0.684239755642826
1356,514,18,0.6844182633186561
1357,516,18,0.6845967709944861
1358,533,18,0.6847752786703162
1359,540,18,0.6849537863461462
1360,928,18,0.6851322940219763
1361,954,18,0.6853108016978063
1362,955,18,0.6854893093736364
1363,1209,18,0.6856678170494664
1364,1237,18,0.6858463247252965
1365,1359,18,0.6860248324011265
1366,1687,18,0.6862033400769566
1367,1920,18,0.6863818477527867
1368,2088,18,0.6865603554286167
1369,2110,18,0.6867388631044469
1370,2141,18,0.6869173707802769
1371,2338,18,0.687095878456107
1372,2413,18,0.687274386131937
1373,2467,18,0.6874528938077671
1374,2505,18,0.6876314014835971
1375,2527,18,0.6878099091594272
1376,2530,18,0.6879884168352572
1377,2841,18,0.6881669245110873
1378,2973,18,0.6883454321869173
1379,3173,18,0.6885239398627474
1380,3267,18,0.6887024475385775
1381,3452,18,0.6888809552144075
1382,3468,18,0.6890594628902376
1383,3479,18,0.6892379705660677
1384,3508,18,0.6894164782418978
1385,3635,18,0.6895949859177278
1386,3639,18,0.6897734935935579
1387,4621,18,0.6899520012693879
1388,4639,18,0.690130508945218
1389,4728,18,0.690309016621048
1390,5015,18,0.6904875242968781
1391,5151,18,0.6906660319727081
1392,5152,18,0.6908445396485382
1393,5291,18,0.6910230473243683
1394,5463,18,0.6912015550001983
1395,6565,18,0.6913800626760284
1396,6620,18,0.6915585703518584
1397,6796,18,0.6917370780276886
1398,8865,18,0.6919155857035186
1399,34072,18,0.6920940933793487
1400,47997,18,0.6922726010551787
1401,56171,18,0.6924511087310088
1402,57640,18,0.6926296164068388
1403,58025,18,0.6928081240826689
1404,58803,18,0.692986631758499
1405,63859,18,0.693165139434329
1406,68791,18,0.6933436471101591
1407,72226,18,0.6935221547859891
1408,81562,18,0.6937006624618192
1409,83134,18,0.6938791701376492
1410,90866,18,0.6940576778134793
1411,91535,18,0.6942361854893093
1412,94777,18,0.6944146931651395
1413,103341,18,0.6945932008409695
1414,108190,18,0.6947717085167996
1415,115569,18,0.6949502161926296
1416,118696,18,0.6951287238684597
1417,128360,18,0.6953072315442897
1418,138036,18,0.6954857392201198
1419,176371,18,0.6956642468959499
1420,79,17,0.6958328374786783
1421,162,17,0.6960014280614066
1422,181,17,0.6961700186441351
1423,234,17,0.6963386092268634
1424,239,17,0.6965071998095919
1425,248,17,0.6966757903923202
1426,267,17,0.6968443809750486
1427,351,17,0.697012971557777
1428,361,17,0.6971815621405054
1429,477,17,0.6973501527232338
1430,491,17,0.6975187433059622
1431,836,17,0.6976873338886905
1432,1019,17,0.697855924471419
1433,1171,17,0.6980245150541473
1434,1248,17,0.6981931056368758
1435,1296,17,0.6983616962196041
1436,1303,17,0.6985302868023325
1437,1388,17,0.6986988773850609
1438,1464,17,0.6988674679677893
1439,1635,17,0.6990360585505176
1440,1835,17,0.6992046491332461
1441,2072,17,0.6993732397159744
1442,2311,17,0.6995418302987029
1443,2313,17,0.6997104208814312
1444,2398,17,0.6998790114641597
1445,2412,17,0.700047602046888
1446,2808,17,0.7002161926296164
1447,3020,17,0.7003847832123448
1448,3146,17,0.7005533737950732
1449,3271,17,0.7007219643778015
1450,3435,17,0.70089055496053
1451,3633,17,0.7010591455432583
1452,3646,17,0.7012277361259868
1453,3730,17,0.7013963267087151
1454,3735,17,0.7015649172914435
1455,4238,17,0.7017335078741719
1456,4881,17,0.7019020984569003
1457,4992,17,0.7020706890396287
1458,5014,17,0.7022392796223571
1459,5400,17,0.7024078702050854
1460,5419,17,0.7025764607878139
1461,5785,17,0.7027450513705422
1462,6059,17,0.7029136419532707
1463,6548,17,0.703082232535999
1464,6564,17,0.7032508231187274
1465,6618,17,0.7034194137014558
1466,6764,17,0.7035880042841842
1467,6879,17,0.7037565948669127
1468,7004,17,0.703925185449641
1469,7149,17,0.7040937760323694
1470,7160,17,0.7042623666150978
1471,7163,17,0.7044309571978262
1472,8228,17,0.7045995477805546
1473,8810,17,0.704768138363283
1474,8914,17,0.7049367289460113
1475,26662,17,0.7051053195287398
1476,33162,17,0.7052739101114681
1477,33660,17,0.7054425006941966
1478,40278,17,0.7056110912769249
1479,41285,17,0.7057796818596533
1480,50068,17,0.7059482724423817
1481,52245,17,0.7061168630251101
1482,55276,17,0.7062854536078385
1483,56152,17,0.7064540441905669
1484,58293,17,0.7066226347732952
1485,61240,17,0.7067912253560237
1486,67087,17,0.706959815938752
1487,68554,17,0.7071284065214805
1488,71264,17,0.7072969971042088
1489,78469,17,0.7074655876869372
1490,79695,17,0.7076341782696656
1491,84944,17,0.707802768852394
1492,87222,17,0.7079713594351223
1493,94677,17,0.7081399500178508
1494,106100,17,0.7083085406005791
1495,111781,17,0.7084771311833076
1496,112290,17,0.7086457217660359
1497,117176,17,0.7088143123487644
1498,136020,17,0.7089829029314927
1499,9,16,0.7091415764211194
1500,23,16,0.7093002499107461
1501,88,16,0.7094589234003729
1502,122,16,0.7096175968899996
1503,140,16,0.7097762703796263
1504,222,16,0.709934943869253
1505,306,16,0.7100936173588798
1506,314,16,0.7102522908485065
1507,382,16,0.7104109643381332
1508,415,16,0.71056963782776
1509,532,16,0.7107283113173867
1510,575,16,0.7108869848070134
1511,1227,16,0.7110456582966401
1512,1243,16,0.7112043317862669
1513,1254,16,0.7113630052758936
1514,1348,16,0.7115216787655203
1515,1411,16,0.7116803522551469
1516,1431,16,0.7118390257447736
1517,1589,16,0.7119976992344004
1518,1665,16,0.7121563727240271
1519,1702,16,0.7123150462136538
1520,1719,16,0.7124737197032806
1521,1753,16,0.7126323931929073
1522,1892,16,0.712791066682534
1523,1894,16,0.7129497401721607
1524,1974,16,0.7131084136617875
1525,2114,16,0.7132670871514142
1526,2146,16,0.7134257606410409
1527,2301,16,0.7135844341306676
1528,2318,16,0.7137431076202944
1529,2387,16,0.7139017811099211
1530,2416,16,0.7140604545995478
1531,2450,16,0.7142191280891745
1532,2643,16,0.7143778015788013
1533,2735,16,0.714536475068428
1534,2819,16,0.7146951485580547
1535,2942,16,0.7148538220476813
1536,3089,16,0.7150124955373081
1537,3178,16,0.7151711690269348
1538,3763,16,0.7153298425165615
1539,3791,16,0.7154885160061882
1540,3821,16,0.715647189495815
1541,3972,16,0.7158058629854417
1542,4039,16,0.7159645364750684
1543,4054,16,0.7161232099646951
1544,4327,16,0.7162818834543219
1545,4351,16,0.7164405569439486
1546,4499,16,0.7165992304335753
1547,5690,16,0.716757903923202
1548,5791,16,0.7169165774128288
1549,6586,16,0.7170752509024555
1550,6659,16,0.7172339243920822
1551,7360,16,0.717392597881709
1552,8981,16,0.7175512713713357
1553,36519,16,0.7177099448609624
1554,40583,16,0.7178686183505891
1555,42738,16,0.7180272918402157
1556,60126,16,0.7181859653298425
1557,60950,16,0.7183446388194692
1558,69406,16,0.7185033123090959
1559,69951,16,0.7186619857987226
1560,73321,16,0.7188206592883494
1561,103141,16,0.7189793327779761
1562,103253,16,0.7191380062676028
1563,103772,16,0.7192966797572296
1564,104879,16,0.7194553532468563
1565,105844,16,0.719614026736483
1566,106002,16,0.7197727002261097
1567,106916,16,0.7199313737157365
1568,111659,16,0.7200900472053632
1569,114180,16,0.7202487206949899
1570,122926,16,0.7204073941846166
1571,134368,16,0.7205660676742434
1572,136864,16,0.7207247411638701
1573,20,15,0.7208734975603951
1574,41,15,0.7210222539569201
1575,46,15,0.7211710103534452
1576,76,15,0.7213197667499702
1577,86,15,0.7214685231464953
1578,147,15,0.7216172795430204
1579,412,15,0.7217660359395454
1580,502,15,0.7219147923360705
1581,535,15,0.7220635487325955
1582,714,15,0.7222123051291206
1583,839,15,0.7223610615256456
1584,1030,15,0.7225098179221706
1585,1057,15,0.7226585743186957
1586,1095,15,0.7228073307152207
1587,1103,15,0.7229560871117459
1588,1217,15,0.7231048435082709
1589,1260,15,0.7232535999047959
1590,1281,15,0.723402356301321
1591,1327,15,0.723551112697846
1592,1488,15,0.723699869094371
1593,1515,15,0.7238486254908961
1594,1754,15,0.7239973818874211
1595,1845,15,0.7241461382839463
1596,1895,15,0.7242948946804713
1597,1959,15,0.7244436510769963
1598,2004,15,0.7245924074735214
1599,2059,15,0.7247411638700464
1600,2116,15,0.7248899202665715
1601,2118,15,0.7250386766630965
1602,2123,15,0.7251874330596215
1603,2126,15,0.7253361894561466
1604,2447,15,0.7254849458526716
1605,2468,15,0.7256337022491968
1606,2533,15,0.7257824586457218
1607,2606,15,0.7259312150422468
1608,2688,15,0.7260799714387719
1609,2702,15,0.7262287278352969
1610,2794,15,0.726377484231822
1611,3060,15,0.726526240628347
1612,3113,15,0.726674997024872
1613,3156,15,0.7268237534213972
1614,3159,15,0.7269725098179222
1615,3243,15,0.7271212662144472
1616,3246,15,0.7272700226109723
1617,3258,15,0.7274187790074973
1618,3355,15,0.7275675354040224
1619,3398,15,0.7277162918005474
1620,3507,15,0.7278650481970724
1621,3526,15,0.7280138045935975
1622,3591,15,0.7281625609901226
1623,3668,15,0.7283113173866477
1624,3686,15,0.7284600737831727
1625,3836,15,0.7286088301796977
1626,3917,15,0.7287575865762228
1627,3978,15,0.7289063429727478
1628,5025,15,0.7290550993692729
1629,5541,15,0.7292038557657979
1630,5992,15,0.7293526121623229
1631,6003,15,0.7295013685588481
1632,7317,15,0.7296501249553731
1633,7347,15,0.7297988813518981
1634,8638,15,0.7299476377484232
1635,52975,15,0.7300963941449482
1636,59900,15,0.7302451505414733
1637,67734,15,0.7303939069379983
1638,76077,15,0.7305426633345233
1639,79293,15,0.7306914197310485
1640,84772,15,0.7308401761275735
1641,86911,15,0.7309889325240986
1642,97306,15,0.7311376889206236
1643,104374,15,0.7312864453171486
1644,112175,15,0.7314352017136737
1645,112623,15,0.7315839581101987
1646,114662,15,0.7317327145067238
1647,135569,15,0.7318814709032488
1648,135887,15,0.7320302272997739
1649,158238,15,0.732178983696299
1650,168250,15,0.732327740092824
1651,81,14,0.7324665793962474
1652,100,14,0.7326054186996708
1653,159,14,0.7327442580030942
1654,164,14,0.7328830973065175
1655,218,14,0.7330219366099409
1656,232,14,0.7331607759133643
1657,257,14,0.7332996152167877
1658,281,14,0.7334384545202111
1659,290,14,0.7335772938236345
1660,492,14,0.7337161331270577
1661,534,14,0.7338549724304811
1662,542,14,0.7339938117339045
1663,609,14,0.7341326510373279
1664,905,14,0.7342714903407513
1665,951,14,0.7344103296441747
1666,1251,14,0.734549168947598
1667,1284,14,0.7346880082510214
1668,1344,14,0.7348268475544448
1669,1619,14,0.7349656868578682
1670,1769,14,0.7351045261612916
1671,1955,14,0.735243365464715
1672,2060,14,0.7353822047681383
1673,2117,14,0.7355210440715617
1674,2136,14,0.7356598833749851
1675,2297,14,0.7357987226784085
1676,2367,14,0.7359375619818319
1677,2422,14,0.7360764012852553
1678,2463,14,0.7362152405886786
1679,2857,14,0.736354079892102
1680,2901,14,0.7364929191955254
1681,2912,14,0.7366317584989488
1682,2950,14,0.7367705978023722
1683,2966,14,0.7369094371057956
1684,2995,14,0.7370482764092189
1685,3016,14,0.7371871157126423
1686,3198,14,0.7373259550160657
1687,3248,14,0.7374647943194891
1688,3440,14,0.7376036336229125
1689,3441,14,0.7377424729263359
1690,3543,14,0.7378813122297592
1691,3615,14,0.7380201515331826
1692,3980,14,0.738158990836606
1693,3999,14,0.7382978301400294
1694,4017,14,0.7384366694434528
1695,4041,14,0.7385755087468762
1696,4144,14,0.7387143480502995
1697,4378,14,0.7388531873537229
1698,4558,14,0.7389920266571463
1699,4887,14,0.7391308659605696
1700,4974,14,0.739269705263993
1701,5026,14,0.7394085445674164
1702,5066,14,0.7395473838708397
1703,5878,14,0.7396862231742631
1704,6296,14,0.7398250624776865
1705,6385,14,0.7399639017811099
1706,6440,14,0.7401027410845333
1707,6595,14,0.7402415803879567
1708,6709,14,0.74038041969138
1709,6755,14,0.7405192589948034
1710,7367,14,0.7406580982982268
1711,7439,14,0.7407969376016502
1712,8366,14,0.7409357769050736
1713,8861,14,0.741074616208497
1714,8985,14,0.7412134555119203
1715,26776,14,0.7413522948153437
1716,45431,14,0.7414911341187671
1717,45666,14,0.7416299734221905
1718,46965,14,0.7417688127256139
1719,47200,14,0.7419076520290373
1720,47518,14,0.7420464913324606
1721,48043,14,0.742185330635884
1722,49651,14,0.7423241699393074
1723,51086,14,0.7424630092427308
1724,51412,14,0.7426018485461542
1725,52328,14,0.7427406878495776
1726,53894,14,0.7428795271530009
1727,56145,14,0.7430183664564243
1728,58047,14,0.7431572057598477
1729,60397,14,0.7432960450632711
1730,65230,14,0.7434348843666945
1731,69644,14,0.7435737236701179
1732,71057,14,0.7437125629735412
1733,71530,14,0.7438514022769646
1734,84374,14,0.743990241580388
1735,90405,14,0.7441290808838114
1736,96737,14,0.7442679201872348
1737,98961,14,0.744406759490658
1738,99007,14,0.7445455987940814
1739,102123,14,0.7446844380975048
1740,103228,14,0.7448232774009282
1741,111360,14,0.7449621167043516
1742,122924,14,0.745100956007775
1743,135143,14,0.7452397953111983
1744,152077,14,0.7453786346146217
1745,15,13,0.7455075568249435
1746,26,13,0.7456364790352652
1747,73,13,0.7457654012455869
1748,176,13,0.7458943234559086
1749,280,13,0.7460232456662304
1750,417,13,0.746152167876552
1751,507,13,0.7462810900868737
1752,892,13,0.7464100122971954
1753,911,13,0.7465389345075172
1754,986,13,0.7466678567178389
1755,996,13,0.7467967789281605
1756,1023,13,0.7469257011384823
1757,1064,13,0.747054623348804
1758,1124,13,0.7471835455591257
1759,1135,13,0.7473124677694474
1760,1211,13,0.7474413899797692
1761,1301,13,0.7475703121900908
1762,1518,13,0.7476992344004125
1763,1537,13,0.7478281566107342
1764,1603,13,0.747957078821056
1765,1620,13,0.7480860010313777
1766,1726,13,0.7482149232416994
1767,1799,13,0.7483438454520212
1768,1833,13,0.7484727676623428
1769,1957,13,0.7486016898726645
1770,2065,13,0.7487306120829862
1771,2090,13,0.748859534293308
1772,2143,13,0.7489884565036297
1773,2325,13,0.7491173787139513
1774,2334,13,0.749246300924273
1775,2454,13,0.7493752231345948
1776,2459,13,0.7495041453449165
1777,2474,13,0.7496330675552382
1778,2664,13,0.74976198976556
1779,2719,13,0.7498909119758816
1780,2728,13,0.7500198341862033
1781,2779,13,0.750148756396525
1782,2802,13,0.7502776786068468
1783,2803,13,0.7504066008171685
1784,3030,13,0.7505355230274902
1785,3044,13,0.7506644452378118
1786,3213,13,0.7507933674481336
1787,3219,13,0.7509222896584553
1788,3307,13,0.751051211868777
1789,3316,13,0.7511801340790988
1790,3439,13,0.7513090562894205
1791,3461,13,0.7514379784997421
1792,3477,13,0.7515669007100638
1793,3483,13,0.7516958229203856
1794,3551,13,0.7518247451307073
1795,3654,13,0.751953667341029
1796,3699,13,0.7520825895513507
1797,3701,13,0.7522115117616724
1798,3852,13,0.7523404339719941
1799,3981,13,0.7524693561823158
1800,4008,13,0.7525982783926376
1801,4020,13,0.7527272006029593
1802,4033,13,0.752856122813281
1803,4040,13,0.7529850450236026
1804,4214,13,0.7531139672339244
1805,4254,13,0.7532428894442461
1806,4467,13,0.7533718116545678
1807,4677,13,0.7535007338648895
1808,4679,13,0.7536296560752113
1809,4967,13,0.7537585782855329
1810,5065,13,0.7538875004958546
1811,5072,13,0.7540164227061764
1812,6331,13,0.7541453449164981
1813,6550,13,0.7542742671268198
1814,6857,13,0.7544031893371415
1815,6944,13,0.7545321115474632
1816,6993,13,0.7546610337577849
1817,7156,13,0.7547899559681066
1818,7265,13,0.7549188781784283
1819,7318,13,0.7550478003887501
1820,7482,13,0.7551767225990718
1821,8640,13,0.7553056448093934
1822,8907,13,0.7554345670197152
1823,33836,13,0.7555634892300369
1824,36517,13,0.7556924114403586
1825,37384,13,0.7558213336506803
1826,39446,13,0.7559502558610021
1827,43928,13,0.7560791780713237
1828,45728,13,0.7562081002816454
1829,45880,13,0.7563370224919671
1830,45950,13,0.7564659447022889
1831,47629,13,0.7565948669126106
1832,53993,13,0.7567237891229323
1833,55052,13,0.756852711333254
1834,56587,13,0.7569816335435757
1835,58295,13,0.7571105557538974
1836,59022,13,0.7572394779642191
1837,62849,13,0.7573684001745409
1838,62999,13,0.7574973223848626
1839,76175,13,0.7576262445951842
1840,77455,13,0.7577551668055059
1841,78105,13,0.7578840890158277
1842,111364,13,0.7580130112261494
1843,115210,13,0.7581419334364711
1844,122912,13,0.7582708556467929
1845,140110,13,0.7583997778571145
1846,143355,13,0.7585287000674362
1847,157296,13,0.7586576222777579
1848,174055,13,0.7587865444880797
1849,177765,13,0.7589154666984014
1850,125,12,0.7590344718156214
1851,144,12,0.7591534769328414
1852,154,12,0.7592724820500615
1853,188,12,0.7593914871672816
1854,233,12,0.7595104922845015
1855,332,12,0.7596294974017216
1856,366,12,0.7597485025189417
1857,405,12,0.7598675076361617
1858,421,12,0.7599865127533817
1859,427,12,0.7601055178706018
1860,445,12,0.7602245229878218
1861,490,12,0.7603435281050418
1862,493,12,0.7604625332222619
1863,537,12,0.7605815383394819
1864,538,12,0.760700543456702
1865,663,12,0.760819548573922
1866,798,12,0.760938553691142
1867,810,12,0.7610575588083621
1868,842,12,0.7611765639255821
1869,900,12,0.7612955690428022
1870,934,12,0.7614145741600222
1871,952,12,0.7615335792772423
1872,999,12,0.7616525843944623
1873,1013,12,0.7617715895116823
1874,1081,12,0.7618905946289024
1875,1178,12,0.7620095997461224
1876,1277,12,0.7621286048633424
1877,1416,12,0.7622476099805625
1878,1457,12,0.7623666150977826
1879,1459,12,0.7624856202150025
1880,1672,12,0.7626046253322226
1881,1772,12,0.7627236304494427
1882,1848,12,0.7628426355666627
1883,1885,12,0.7629616406838827
1884,1916,12,0.7630806458011028
1885,1956,12,0.7631996509183229
1886,1970,12,0.7633186560355428
1887,1991,12,0.7634376611527629
1888,2247,12,0.763556666269983
1889,2312,12,0.7636756713872029
1890,2360,12,0.763794676504423
1891,2379,12,0.7639136816216431
1892,2404,12,0.7640326867388632
1893,2476,12,0.7641516918560831
1894,2532,12,0.7642706969733032
1895,2565,12,0.7643897020905233
1896,2583,12,0.7645087072077432
1897,2596,12,0.7646277123249633
1898,2662,12,0.7647467174421834
1899,2672,12,0.7648657225594034
1900,2713,12,0.7649847276766234
1901,2731,12,0.7651037327938435
1902,2739,12,0.7652227379110635
1903,2798,12,0.7653417430282835
1904,2867,12,0.7654607481455036
1905,2952,12,0.7655797532627237
1906,3088,12,0.7656987583799437
1907,3203,12,0.7658177634971637
1908,3244,12,0.7659367686143838
1909,3260,12,0.7660557737316038
1910,3270,12,0.7661747788488238
1911,3274,12,0.7662937839660439
1912,3429,12,0.7664127890832639
1913,3564,12,0.766531794200484
1914,3618,12,0.766650799317704
1915,3812,12,0.766769804434924
1916,3997,12,0.7668888095521441
1917,3998,12,0.7670078146693641
1918,4005,12,0.7671268197865841
1919,4029,12,0.7672458249038042
1920,4121,12,0.7673648300210243
1921,4153,12,0.7674838351382443
1922,4876,12,0.7676028402554643
1923,5135,12,0.7677218453726844
1924,5267,12,0.7678408504899044
1925,5505,12,0.7679598556071244
1926,5577,12,0.7680788607243445
1927,6552,12,0.7681978658415646
1928,6753,12,0.7683168709587845
1929,6867,12,0.7684358760760046
1930,7151,12,0.7685548811932247
1931,7162,12,0.7686738863104446
1932,7569,12,0.7687928914276647
1933,8370,12,0.7689118965448848
1934,8373,12,0.7690309016621047
1935,8781,12,0.7691499067793248
1936,27801,12,0.7692689118965449
1937,30816,12,0.769387917013765
1938,34520,12,0.7695069221309849
1939,36708,12,0.769625927248205
1940,41571,12,0.7697449323654251
1941,44761,12,0.769863937482645
1942,44972,12,0.7699829425998651
1943,44974,12,0.7701019477170852
1944,45081,12,0.7702209528343053
1945,49649,12,0.7703399579515252
1946,51077,12,0.7704589630687453
1947,52604,12,0.7705779681859654
1948,54881,12,0.7706969733031853
1949,54999,12,0.7708159784204054
1950,59501,12,0.7709349835376255
1951,70183,12,0.7710539886548455
1952,70293,12,0.7711729937720655
1953,71745,12,0.7712919988892856
1954,72737,12,0.7714110040065056
1955,80219,12,0.7715300091237256
1956,80906,12,0.7716490142409457
1957,85510,12,0.7717680193581657
1958,89470,12,0.7718870244753858
1959,90746,12,0.7720060295926058
1960,98243,12,0.7721250347098259
1961,99112,12,0.7722440398270459
1962,111113,12,0.7723630449442659
1963,111743,12,0.772482050061486
1964,119141,12,0.772601055178706
1965,135536,12,0.7727200602959261
1966,179819,12,0.7728390654131461
1967,187593,12,0.7729580705303661
1968,28,11,0.7730671585544845
1969,157,11,0.7731762465786028
1970,373,11,0.7732853346027212
1971,381,11,0.7733944226268397
1972,489,11,0.773503510650958
1973,599,11,0.7736125986750764
1974,631,11,0.7737216866991947
1975,640,11,0.7738307747233131
1976,694,11,0.7739398627474314
1977,709,11,0.7740489507715499
1978,742,11,0.7741580387956682
1979,801,11,0.7742671268197866
1980,965,11,0.774376214843905
1981,991,11,0.7744853028680233
1982,994,11,0.7745943908921417
1983,1041,11,0.77470347891626
1984,1078,11,0.7748125669403785
1985,1131,11,0.7749216549644968
1986,1173,11,0.7750307429886152
1987,1189,11,0.7751398310127335
1988,1194,11,0.7752489190368519
1989,1216,11,0.7753580070609702
1990,1218,11,0.7754670950850887
1991,1273,11,0.7755761831092071
1992,1289,11,0.7756852711333254
1993,1295,11,0.7757943591574438
1994,1342,11,0.7759034471815621
1995,1379,11,0.7760125352056805
1996,1474,11,0.7761216232297988
1997,1480,11,0.7762307112539173
1998,1483,11,0.7763397992780356
1999,1615,11,0.776448887302154
2000,1735,11,0.7765579753262724
2001,1810,11,0.7766670633503907
2002,1834,11,0.7767761513745091
2003,1944,11,0.7768852393986275
2004,1950,11,0.7769943274227459
2005,1963,11,0.7771034154468642
2006,2122,11,0.7772125034709826
2007,2135,11,0.7773215914951009
2008,2153,11,0.7774306795192193
2009,2249,11,0.7775397675433376
2010,2346,11,0.7776488555674561
2011,2414,11,0.7777579435915745
2012,2433,11,0.7778670316156928
2013,2622,11,0.7779761196398112
2014,2648,11,0.7780852076639295
2015,2796,11,0.7781942956880479
2016,2822,11,0.7783033837121663
2017,2827,11,0.7784124717362847
2018,2921,11,0.778521559760403
2019,2926,11,0.7786306477845214
2020,3004,11,0.7787397358086398
2021,3035,11,0.7788488238327581
2022,3053,11,0.7789579118568765
2023,3062,11,0.7790669998809949
2024,3189,11,0.7791760879051133
2025,3259,11,0.7792851759292316
2026,3261,11,0.77939426395335
2027,3262,11,0.7795033519774683
2028,3268,11,0.7796124400015867
2029,3359,11,0.7797215280257052
2030,3388,11,0.7798306160498235
2031,3397,11,0.7799397040739419
2032,3451,11,0.7800487920980602
2033,3503,11,0.7801578801221786
2034,3688,11,0.7802669681462969
2035,3741,11,0.7803760561704153
2036,3783,11,0.7804851441945337
2037,3784,11,0.7805942322186521
2038,3824,11,0.7807033202427704
2039,3831,11,0.7808124082668888
2040,4036,11,0.7809214962910072
2041,4149,11,0.7810305843151255
2042,4291,11,0.781139672339244
2043,4326,11,0.7812487603633623
2044,4340,11,0.7813578483874807
2045,4368,11,0.781466936411599
2046,4386,11,0.7815760244357174
2047,4487,11,0.7816851124598357
2048,4642,11,0.7817942004839541
2049,4954,11,0.7819032885080726
2050,5049,11,0.7820123765321909
2051,5108,11,0.7821214645563093
2052,5128,11,0.7822305525804276
2053,5265,11,0.782339640604546
2054,5294,11,0.7824487286286643
2055,5608,11,0.7825578166527828
2056,5650,11,0.7826669046769011
2057,5693,11,0.7827759927010195
2058,5812,11,0.7828850807251378
2059,6242,11,0.7829941687492562
2060,6294,11,0.7831032567733746
2061,6482,11,0.7832123447974929
2062,6535,11,0.7833214328216114
2063,6662,11,0.7834305208457297
2064,6793,11,0.7835396088698481
2065,7046,11,0.7836486968939664
2066,7247,11,0.7837577849180848
2067,7324,11,0.7838668729422031
2068,8623,11,0.7839759609663216
2069,8965,11,0.78408504899044
2070,27808,11,0.7841941370145583
2071,27815,11,0.7843032250386767
2072,30822,11,0.784412313062795
2073,31433,11,0.7845214010869134
2074,37727,11,0.7846304891110317
2075,40732,11,0.7847395771351502
2076,42011,11,0.7848486651592685
2077,42723,11,0.7849577531833869
2078,44840,11,0.7850668412075053
2079,45501,11,0.7851759292316236
2080,46335,11,0.785285017255742
2081,48082,11,0.7853941052798604
2082,48783,11,0.7855031933039788
2083,48877,11,0.7856122813280971
2084,49274,11,0.7857213693522155
2085,52287,11,0.7858304573763338
2086,52435,11,0.7859395454004522
2087,54004,11,0.7860486334245705
2088,54190,11,0.786157721448689
2089,55282,11,0.7862668094728074
2090,55442,11,0.7863758974969257
2091,56941,11,0.7864849855210441
2092,59258,11,0.7865940735451624
2093,59387,11,0.7867031615692808
2094,59725,11,0.7868122495933992
2095,62374,11,0.7869213376175176
2096,63876,11,0.787030425641636
2097,64716,11,0.7871395136657543
2098,64983,11,0.7872486016898727
2099,65088,11,0.787357689713991
2100,65261,11,0.7874667777381094
2101,66203,11,0.7875758657622278
2102,71464,11,0.7876849537863462
2103,76293,11,0.7877940418104645
2104,83349,11,0.7879031298345829
2105,86190,11,0.7880122178587012
2106,87520,11,0.7881213058828196
2107,89774,11,0.788230393906938
2108,89904,11,0.7883394819310564
2109,91077,11,0.7884485699551748
2110,93326,11,0.7885576579792931
2111,93363,11,0.7886667460034115
2112,97225,11,0.7887758340275298
2113,104241,11,0.7888849220516482
2114,104913,11,0.7889940100757666
2115,107348,11,0.789103098099885
2116,110553,11,0.7892121861240033
2117,117590,11,0.7893212741481217
2118,122906,11,0.78943036217224
2119,137857,11,0.7895394501963584
2120,139644,11,0.7896485382204768
2121,159093,11,0.7897576262445952
2122,89,10,0.7898567971756119
2123,94,10,0.7899559681066286
2124,97,10,0.7900551390376452
2125,169,10,0.790154309968662
2126,174,10,0.7902534808996787
2127,195,10,0.7903526518306954
2128,258,10,0.7904518227617121
2129,322,10,0.7905509936927287
2130,328,10,0.7906501646237455
2131,393,10,0.7907493355547622
2132,423,10,0.7908485064857789
2133,464,10,0.7909476774167956
2134,605,10,0.7910468483478122
2135,711,10,0.791146019278829
2136,728,10,0.7912451902098457
2137,818,10,0.7913443611408624
2138,918,10,0.7914435320718791
2139,971,10,0.7915427030028958
2140,1007,10,0.7916418739339125
2141,1017,10,0.7917410448649292
2142,1096,10,0.7918402157959459
2143,1147,10,0.7919393867269626
2144,1185,10,0.7920385576579793
2145,1241,10,0.792137728588996
2146,1290,10,0.7922368995200126
2147,1541,10,0.7923360704510294
2148,1678,10,0.7924352413820461
2149,1760,10,0.7925344123130628
2150,1873,10,0.7926335832440795
2151,1927,10,0.7927327541750961
2152,1969,10,0.7928319251061129
2153,2089,10,0.7929310960371296
2154,2097,10,0.7930302669681463
2155,2111,10,0.793129437899163
2156,2138,10,0.7932286088301796
2157,2142,10,0.7933277797611964
2158,2176,10,0.7934269506922131
2159,2279,10,0.7935261216232298
2160,2296,10,0.7936252925542465
2161,2361,10,0.7937244634852632
2162,2380,10,0.7938236344162799
2163,2513,10,0.7939228053472966
2164,2517,10,0.7940219762783133
2165,2518,10,0.79412114720933
2166,2594,10,0.7942203181403467
2167,2690,10,0.7943194890713634
2168,2718,10,0.7944186600023802
2169,2734,10,0.7945178309333968
2170,2772,10,0.7946170018644135
2171,2793,10,0.7947161727954302
2172,2875,10,0.7948153437264469
2173,2917,10,0.7949145146574637
2174,2924,10,0.7950136855884803
2175,3018,10,0.795112856519497
2176,3019,10,0.7952120274505137
2177,3067,10,0.7953111983815304
2178,3334,10,0.7954103693125472
2179,3358,10,0.7955095402435638
2180,3484,10,0.7956087111745805
2181,3524,10,0.7957078821055972
2182,3616,10,0.7958070530366139
2183,3676,10,0.7959062239676306
2184,3707,10,0.7960053948986473
2185,3708,10,0.796104565829664
2186,3742,10,0.7962037367606807
2187,4103,10,0.7963029076916974
2188,4167,10,0.7964020786227141
2189,4228,10,0.7965012495537308
2190,4255,10,0.7966004204847476
2191,4322,10,0.7966995914157642
2192,4333,10,0.7967987623467809
2193,4396,10,0.7968979332777976
2194,4787,10,0.7969971042088143
2195,4799,10,0.7970962751398311
2196,4902,10,0.7971954460708477
2197,4903,10,0.7972946170018644
2198,4994,10,0.7973937879328811
2199,5220,10,0.7974929588638978
2200,5296,10,0.7975921297949146
2201,5329,10,0.7976913007259312
2202,5380,10,0.7977904716569479
2203,5500,10,0.7978896425879646
2204,5621,10,0.7979888135189813
2205,5970,10,0.7980879844499981
2206,6058,10,0.7981871553810147
2207,6305,10,0.7982863263120314
2208,6367,10,0.7983854972430481
2209,6893,10,0.7984846681740648
2210,6958,10,0.7985838391050816
2211,7137,10,0.7986830100360982
2212,7150,10,0.798782180967115
2213,7154,10,0.7988813518981316
2214,7263,10,0.7989805228291483
2215,8014,10,0.799079693760165
2216,8947,10,0.7991788646911817
2217,8977,10,0.7992780356221985
2218,27846,10,0.7993772065532151
2219,31221,10,0.7994763774842318
2220,32029,10,0.7995755484152485
2221,34338,10,0.7996747193462652
2222,37380,10,0.799773890277282
2223,37830,10,0.7998730612082986
2224,40826,10,0.7999722321393153
2225,45668,10,0.800071403070332
2226,47044,10,0.8001705740013487
2227,50794,10,0.8002697449323655
2228,51084,10,0.8003689158633821
2229,52458,10,0.8004680867943988
2230,55232,10,0.8005672577254155
2231,55363,10,0.8006664286564322
2232,55721,10,0.800765599587449
2233,55768,10,0.8008647705184656
2234,55830,10,0.8009639414494824
2235,56251,10,0.801063112380499
2236,57504,10,0.8011622833115157
2237,58156,10,0.8012614542425325
2238,61250,10,0.8013606251735491
2239,62155,10,0.8014597961045659
2240,65514,10,0.8015589670355825
2241,67923,10,0.8016581379665992
2242,68135,10,0.801757308897616
2243,68793,10,0.8018564798286326
2244,69784,10,0.8019556507596494
2245,71899,10,0.802054821690666
2246,78209,10,0.8021539926216827
2247,78772,10,0.8022531635526994
2248,79057,10,0.8023523344837161
2249,79134,10,0.8024515054147329
2250,79139,10,0.8025506763457495
2251,81537,10,0.8026498472767662
2252,84392,10,0.8027490182077829
2253,86644,10,0.8028481891387996
2254,87430,10,0.8029473600698164
2255,88785,10,0.803046531000833
2256,91094,10,0.8031457019318498
2257,91485,10,0.8032448728628664
2258,92535,10,0.8033440437938831
2259,96829,10,0.8034432147248999
2260,102481,10,0.8035423856559165
2261,114935,10,0.8036415565869333
2262,116897,10,0.8037407275179499
2263,120466,10,0.8038398984489666
2264,129354,10,0.8039390693799834
2265,134393,10,0.804038240311
2266,135133,10,0.8041374112420168
2267,150548,10,0.8042365821730334
2268,166461,10,0.8043357531040501
2269,166643,10,0.8044349240350669
2270,27,9,0.8045241778729819
2271,66,9,0.8046134317108969
2272,93,9,0.804702685548812
2273,205,9,0.804791939386727
2274,305,9,0.804881193224642
2275,312,9,0.804970447062557
2276,358,9,0.8050597009004721
2277,437,9,0.8051489547383871
2278,446,9,0.8052382085763021
2279,517,9,0.8053274624142172
2280,674,9,0.8054167162521322
2281,678,9,0.8055059700900472
2282,688,9,0.8055952239279622
2283,809,9,0.8056844777658773
2284,829,9,0.8057737316037923
2285,861,9,0.8058629854417073
2286,921,9,0.8059522392796223
2287,931,9,0.8060414931175374
2288,1009,9,0.8061307469554524
2289,1010,9,0.8062200007933674
2290,1012,9,0.8063092546312824
2291,1238,9,0.8063985084691975
2292,1268,9,0.8064877623071125
2293,1280,9,0.8065770161450275
2294,1300,9,0.8066662699829426
2295,1390,9,0.8067555238208576
2296,1734,9,0.8068447776587727
2297,1862,9,0.8069340314966877
2298,1914,9,0.8070232853346028
2299,2015,9,0.8071125391725178
2300,2027,9,0.8072017930104328
2301,2034,9,0.8072910468483478
2302,2148,9,0.8073803006862629
2303,2183,9,0.8074695545241779
2304,2236,9,0.8075588083620929
2305,2262,9,0.807648062200008
2306,2320,9,0.807737316037923
2307,2372,9,0.807826569875838
2308,2373,9,0.807915823713753
2309,2374,9,0.8080050775516681
2310,2389,9,0.8080943313895831
2311,2408,9,0.8081835852274981
2312,2456,9,0.8082728390654131
2313,2524,9,0.8083620929033282
2314,2531,9,0.8084513467412432
2315,2558,9,0.8085406005791582
2316,2644,9,0.8086298544170732
2317,2709,9,0.8087191082549883
2318,2726,9,0.8088083620929033
2319,2745,9,0.8088976159308183
2320,2747,9,0.8089868697687334
2321,2806,9,0.8090761236066484
2322,2843,9,0.8091653774445634
2323,2860,9,0.8092546312824784
2324,2941,9,0.8093438851203935
2325,3022,9,0.8094331389583086
2326,3040,9,0.8095223927962236
2327,3071,9,0.8096116466341386
2328,3095,9,0.8097009004720537
2329,3155,9,0.8097901543099687
2330,3196,9,0.8098794081478837
2331,3249,9,0.8099686619857988
2332,3250,9,0.8100579158237138
2333,3265,9,0.8101471696616288
2334,3347,9,0.8102364234995438
2335,3444,9,0.8103256773374589
2336,3505,9,0.8104149311753739
2337,3515,9,0.8105041850132889
2338,3685,9,0.8105934388512039
2339,3754,9,0.810682692689119
2340,3814,9,0.810771946527034
2341,3844,9,0.810861200364949
2342,3877,9,0.810950454202864
2343,3918,9,0.8110397080407791
2344,3983,9,0.8111289618786941
2345,3991,9,0.8112182157166091
2346,4047,9,0.8113074695545242
2347,4280,9,0.8113967233924392
2348,4387,9,0.8114859772303542
2349,4427,9,0.8115752310682692
2350,4519,9,0.8116644849061843
2351,4553,9,0.8117537387440993
2352,4678,9,0.8118429925820143
2353,4732,9,0.8119322464199293
2354,4880,9,0.8120215002578445
2355,4936,9,0.8121107540957595
2356,4989,9,0.8122000079336745
2357,5008,9,0.8122892617715896
2358,5047,9,0.8123785156095046
2359,5093,9,0.8124677694474196
2360,5139,9,0.8125570232853346
2361,5146,9,0.8126462771232497
2362,5247,9,0.8127355309611647
2363,5293,9,0.8128247847990797
2364,5363,9,0.8129140386369947
2365,5401,9,0.8130032924749098
2366,5540,9,0.8130925463128248
2367,5784,9,0.8131818001507398
2368,5955,9,0.8132710539886548
2369,5959,9,0.8133603078265699
2370,6104,9,0.8134495616644849
2371,6214,9,0.8135388155023999
2372,6238,9,0.813628069340315
2373,6299,9,0.81371732317823
2374,6615,9,0.813806577016145
2375,6617,9,0.81389583085406
2376,6765,9,0.8139850846919751
2377,6890,9,0.8140743385298901
2378,6952,9,0.8141635923678051
2379,7123,9,0.8142528462057201
2380,7132,9,0.8143421000436352
2381,7158,9,0.8144313538815502
2382,7285,9,0.8145206077194652
2383,7669,9,0.8146098615573804
2384,7981,9,0.8146991153952954
2385,8132,9,0.8147883692332104
2386,8507,9,0.8148776230711254
2387,8643,9,0.8149668769090405
2388,8666,9,0.8150561307469555
2389,8866,9,0.8151453845848705
2390,26614,9,0.8152346384227855
2391,33437,9,0.8153238922607006
2392,33646,9,0.8154131460986156
2393,35957,9,0.8155023999365306
2394,36535,9,0.8155916537744456
2395,37731,9,0.8156809076123607
2396,37857,9,0.8157701614502757
2397,38886,9,0.8158594152881907
2398,39444,9,0.8159486691261058
2399,42002,9,0.8160379229640208
2400,43679,9,0.8161271768019358
2401,43936,9,0.8162164306398508
2402,45730,9,0.8163056844777659
2403,46948,9,0.8163949383156809
2404,47122,9,0.8164841921535959
2405,49396,9,0.8165734459915109
2406,50601,9,0.816662699829426
2407,52885,9,0.816751953667341
2408,53123,9,0.816841207505256
2409,55267,9,0.816930461343171
2410,57528,9,0.8170197151810861
2411,61248,9,0.8171089690190011
2412,62336,9,0.8171982228569162
2413,62956,9,0.8172874766948313
2414,63072,9,0.8173767305327463
2415,64620,9,0.8174659843706613
2416,67197,9,0.8175552382085763
2417,69640,9,0.8176444920464914
2418,71156,9,0.8177337458844064
2419,72407,9,0.8178229997223214
2420,74795,9,0.8179122535602364
2421,74946,9,0.8180015073981515
2422,83613,9,0.8180907612360665
2423,86345,9,0.8181800150739815
2424,87485,9,0.8182692689118966
2425,87529,9,0.8183585227498116
2426,89804,9,0.8184477765877266
2427,93838,9,0.8185370304256416
2428,95105,9,0.8186262842635567
2429,95720,9,0.8187155381014717
2430,96110,9,0.8188047919393867
2431,97923,9,0.8188940457773017
2432,101142,9,0.8189832996152168
2433,111921,9,0.8190725534531318
2434,112171,9,0.8191618072910468
2435,120799,9,0.8192510611289618
2436,133419,9,0.8193403149668769
2437,135861,9,0.8194295688047919
2438,160438,9,0.8195188226427069
2439,164909,9,0.819608076480622
2440,171763,9,0.819697330318537
2441,175303,9,0.8197865841564521
2442,8,8,0.8198659209012654
2443,13,8,0.8199452576460787
2444,43,8,0.8200245943908921
2445,57,8,0.8201039311357055
2446,74,8,0.8201832678805189
2447,82,8,0.8202626046253322
2448,92,8,0.8203419413701456
2449,177,8,0.8204212781149589
2450,289,8,0.8205006148597723
2451,360,8,0.8205799516045856
2452,407,8,0.820659288349399
2453,416,8,0.8207386250942124
2454,433,8,0.8208179618390258
2455,448,8,0.8208972985838391
2456,482,8,0.8209766353286525
2457,544,8,0.8210559720734658
2458,558,8,0.8211353088182792
2459,613,8,0.8212146455630925
2460,667,8,0.821293982307906
2461,710,8,0.8213733190527193
2462,782,8,0.8214526557975327
2463,804,8,0.821531992542346
2464,932,8,0.8216113292871593
2465,940,8,0.8216906660319727
2466,1005,8,0.821770002776786
2467,1011,8,0.8218493395215994
2468,1132,8,0.8219286762664127
2469,1232,8,0.8220080130112262
2470,1279,8,0.8220873497560395
2471,1346,8,0.8221666865008529
2472,1414,8,0.8222460232456662
2473,1425,8,0.8223253599904796
2474,1461,8,0.8224046967352929
2475,1658,8,0.8224840334801063
2476,1701,8,0.8225633702249197
2477,1707,8,0.8226427069697331
2478,1806,8,0.8227220437145464
2479,1858,8,0.8228013804593598
2480,1889,8,0.8228807172041731
2481,1924,8,0.8229600539489865
2482,1939,8,0.8230393906937998
2483,1966,8,0.8231187274386131
2484,2014,8,0.8231980641834266
2485,2022,8,0.8232774009282399
2486,2033,8,0.8233567376730533
2487,2048,8,0.8234360744178666
2488,2112,8,0.82351541116268
2489,2130,8,0.8235947479074933
2490,2155,8,0.8236740846523067
2491,2162,8,0.82375342139712
2492,2171,8,0.8238327581419335
2493,2259,8,0.8239120948867468
2494,2269,8,0.8239914316315602
2495,2322,8,0.8240707683763735
2496,2344,8,0.8241501051211869
2497,2348,8,0.8242294418660002
2498,2392,8,0.8243087786108136
2499,2401,8,0.824388115355627
2500,2443,8,0.8244674521004404
2501,2445,8,0.8245467888452537
2502,2457,8,0.8246261255900671
2503,2458,8,0.8247054623348804
2504,2473,8,0.8247847990796937
2505,2551,8,0.8248641358245071
2506,2560,8,0.8249434725693204
2507,2568,8,0.8250228093141339
2508,2613,8,0.8251021460589472
2509,2668,8,0.8251814828037606
2510,2752,8,0.8252608195485739
2511,2759,8,0.8253401562933873
2512,2799,8,0.8254194930382006
2513,2861,8,0.825498829783014
2514,2870,8,0.8255781665278273
2515,2889,8,0.8256575032726408
2516,2919,8,0.8257368400174541
2517,2935,8,0.8258161767622675
2518,3054,8,0.8258955135070808
2519,3061,8,0.8259748502518942
2520,3152,8,0.8260541869967075
2521,3200,8,0.8261335237415209
2522,3201,8,0.8262128604863342
2523,3204,8,0.8262921972311476
2524,3208,8,0.826371533975961
2525,3272,8,0.8264508707207743
2526,3385,8,0.8265302074655877
2527,3466,8,0.826609544210401
2528,3498,8,0.8266888809552144
2529,3512,8,0.8267682177000277
2530,3549,8,0.8268475544448411
2531,3566,8,0.8269268911896545
2532,3614,8,0.8270062279344679
2533,3649,8,0.8270855646792812
2534,3675,8,0.8271649014240946
2535,3693,8,0.8272442381689079
2536,3705,8,0.8273235749137213
2537,3706,8,0.8274029116585346
2538,3727,8,0.827482248403348
2539,3896,8,0.8275615851481614
2540,3943,8,0.8276409218929748
2541,3950,8,0.8277202586377881
2542,3959,8,0.8277995953826015
2543,4010,8,0.8278789321274148
2544,4037,8,0.8279582688722281
2545,4052,8,0.8280376056170415
2546,4062,8,0.8281169423618548
2547,4090,8,0.8281962791066683
2548,4132,8,0.8282756158514816
2549,4133,8,0.828354952596295
2550,4155,8,0.8284342893411083
2551,4349,8,0.8285136260859217
2552,4359,8,0.828592962830735
2553,4437,8,0.8286722995755484
2554,4477,8,0.8287516363203618
2555,4508,8,0.8288309730651752
2556,4587,8,0.8289103098099885
2557,4719,8,0.8289896465548019
2558,4857,8,0.8290689832996152
2559,4866,8,0.8291483200444286
2560,4899,8,0.8292276567892419
2561,4914,8,0.8293069935340553
2562,4941,8,0.8293863302788687
2563,5009,8,0.829465667023682
2564,5040,8,0.8295450037684954
2565,5055,8,0.8296243405133087
2566,5309,8,0.8297036772581221
2567,5323,8,0.8297830140029354
2568,5420,8,0.8298623507477488
2569,5478,8,0.8299416874925621
2570,5524,8,0.8300210242373756
2571,5553,8,0.8301003609821889
2572,5582,8,0.8301796977270023
2573,5882,8,0.8302590344718156
2574,5900,8,0.830338371216629
2575,6006,8,0.8304177079614423
2576,6166,8,0.8304970447062557
2577,6187,8,0.830576381451069
2578,6264,8,0.8306557181958825
2579,6266,8,0.8307350549406958
2580,6303,8,0.8308143916855092
2581,6707,8,0.8308937284303225
2582,6731,8,0.8309730651751359
2583,6774,8,0.8310524019199492
2584,7007,8,0.8311317386647625
2585,7034,8,0.831211075409576
2586,7063,8,0.8312904121543893
2587,7076,8,0.8313697488992027
2588,7155,8,0.831449085644016
2589,7161,8,0.8315284223888294
2590,7169,8,0.8316077591336427
2591,7255,8,0.8316870958784561
2592,7256,8,0.8317664326232694
2593,7366,8,0.8318457693680829
2594,7570,8,0.8319251061128962
2595,7573,8,0.8320044428577096
2596,7802,8,0.8320837796025229
2597,8645,8,0.8321631163473363
2598,8937,8,0.8322424530921496
2599,8966,8,0.832321789836963
2600,8973,8,0.8324011265817763
2601,27731,8,0.8324804633265898
2602,27788,8,0.8325598000714031
2603,27803,8,0.8326391368162165
2604,30894,8,0.8327184735610298
2605,31420,8,0.8327978103058431
2606,32019,8,0.8328771470506565
2607,32296,8,0.8329564837954698
2608,32598,8,0.8330358205402832
2609,36525,8,0.8331151572850966
2610,37382,8,0.83319449402991
2611,39381,8,0.8332738307747233
2612,41573,8,0.8333531675195367
2613,43871,8,0.83343250426435
2614,44694,8,0.8335118410091634
2615,46322,8,0.8335911777539767
2616,48997,8,0.8336705144987901
2617,50442,8,0.8337498512436035
2618,50912,8,0.8338291879884169
2619,51080,8,0.8339085247332302
2620,52952,8,0.8339878614780436
2621,54736,8,0.8340671982228569
2622,55261,8,0.8341465349676703
2623,55280,8,0.8342258717124836
2624,55908,8,0.8343052084572969
2625,55995,8,0.8343845452021104
2626,56339,8,0.8344638819469237
2627,56788,8,0.8345432186917371
2628,57274,8,0.8346225554365504
2629,58299,8,0.8347018921813638
2630,59421,8,0.8347812289261771
2631,60766,8,0.8348605656709905
2632,62081,8,0.8349399024158038
2633,63062,8,0.8350192391606173
2634,67408,8,0.8350985759054306
2635,68205,8,0.835177912650244
2636,68659,8,0.8352572493950573
2637,70336,8,0.8353365861398707
2638,71282,8,0.835415922884684
2639,71838,8,0.8354952596294974
2640,78574,8,0.8355745963743108
2641,79008,8,0.8356539331191242
2642,79224,8,0.8357332698639375
2643,80693,8,0.8358126066087509
2644,86298,8,0.8358919433535642
2645,89753,8,0.8359712800983775
2646,90647,8,0.8360506168431909
2647,92420,8,0.8361299535880042
2648,93270,8,0.8362092903328177
2649,95875,8,0.836288627077631
2650,98491,8,0.8363679638224444
2651,99117,8,0.8364473005672577
2652,99813,8,0.8365266373120711
2653,101362,8,0.8366059740568844
2654,102686,8,0.8366853108016978
2655,105213,8,0.8367646475465111
2656,107141,8,0.8368439842913246
2657,111617,8,0.8369233210361379
2658,130520,8,0.8370026577809513
2659,131013,8,0.8370819945257646
2660,140174,8,0.837161331270578
2661,143385,8,0.8372406680153913
2662,143859,8,0.8373200047602047
2663,146656,8,0.837399341505018
2664,149406,8,0.8374786782498314
2665,160080,8,0.8375580149946448
2666,161131,8,0.8376373517394581
2667,161582,8,0.8377166884842715
2668,163645,8,0.8377960252290848
2669,176101,8,0.8378753619738982
2670,177593,8,0.8379546987187115
2671,180031,8,0.838034035463525
2672,4,7,0.8381034551152367
2673,42,7,0.8381728747669484
2674,63,7,0.83824229441866
2675,72,7,0.8383117140703716
2676,85,7,0.8383811337220833
2677,87,7,0.838450553373795
2678,126,7,0.8385199730255067
2679,229,7,0.8385893926772184
2680,255,7,0.8386588123289301
2681,274,7,0.8387282319806418
2682,325,7,0.8387976516323535
2683,378,7,0.8388670712840652
2684,426,7,0.8389364909357769
2685,436,7,0.8390059105874886
2686,438,7,0.8390753302392003
2687,450,7,0.8391447498909119
2688,473,7,0.8392141695426236
2689,505,7,0.8392835891943353
2690,522,7,0.839353008846047
2691,662,7,0.8394224284977587
2692,700,7,0.8394918481494704
2693,704,7,0.8395612678011821
2694,735,7,0.8396306874528938
2695,781,7,0.8397001071046055
2696,848,7,0.8397695267563172
2697,901,7,0.8398389464080289
2698,906,7,0.8399083660597406
2699,943,7,0.8399777857114522
2700,945,7,0.8400472053631639
2701,950,7,0.8401166250148756
2702,1056,7,0.8401860446665873
2703,1184,7,0.840255464318299
2704,1202,7,0.8403248839700107
2705,1286,7,0.8403943036217224
2706,1354,7,0.8404637232734341
2707,1432,7,0.8405331429251458
2708,1445,7,0.8406025625768575
2709,1446,7,0.8406719822285692
2710,1542,7,0.8407414018802809
2711,1627,7,0.8408108215319925
2712,1646,7,0.8408802411837042
2713,1681,7,0.8409496608354159
2714,1689,7,0.8410190804871276
2715,1694,7,0.8410885001388393
2716,1713,7,0.841157919790551
2717,1840,7,0.8412273394422627
2718,1855,7,0.8412967590939744
2719,1863,7,0.8413661787456861
2720,1866,7,0.8414355983973978
2721,1948,7,0.8415050180491095
2722,1951,7,0.8415744377008212
2723,1971,7,0.8416438573525328
2724,1972,7,0.8417132770042445
2725,1975,7,0.8417826966559562
2726,1976,7,0.8418521163076679
2727,2025,7,0.8419215359593796
2728,2040,7,0.8419909556110913
2729,2121,7,0.842060375262803
2730,2132,7,0.8421297949145147
2731,2159,7,0.8421992145662264
2732,2169,7,0.8422686342179381
2733,2195,7,0.8423380538696498
2734,2202,7,0.8424074735213615
2735,2203,7,0.8424768931730731
2736,2240,7,0.8425463128247848
2737,2316,7,0.8426157324764965
2738,2328,7,0.8426851521282082
2739,2349,7,0.8427545717799199
2740,2351,7,0.8428239914316316
2741,2354,7,0.8428934110833433
2742,2381,7,0.842962830735055
2743,2390,7,0.8430322503867667
2744,2469,7,0.8431016700384784
2745,2492,7,0.8431710896901901
2746,2500,7,0.8432405093419018
2747,2550,7,0.8433099289936133
2748,2729,7,0.843379348645325
2749,2730,7,0.8434487682970367
2750,2750,7,0.8435181879487484
2751,2764,7,0.8435876076004601
2752,2815,7,0.8436570272521718
2753,2829,7,0.8437264469038835
2754,2846,7,0.8437958665555952
2755,2859,7,0.8438652862073069
2756,2877,7,0.8439347058590186
2757,2879,7,0.8440041255107303
2758,2906,7,0.844073545162442
2759,2907,7,0.8441429648141536
2760,2936,7,0.8442123844658653
2761,2946,7,0.844281804117577
2762,3024,7,0.8443512237692887
2763,3036,7,0.8444206434210004
2764,3066,7,0.8444900630727121
2765,3068,7,0.8445594827244238
2766,3099,7,0.8446289023761355
2767,3102,7,0.8446983220278472
2768,3134,7,0.8447677416795589
2769,3197,7,0.8448371613312706
2770,3296,7,0.8449065809829822
2771,3308,7,0.8449760006346939
2772,3341,7,0.8450454202864056
2773,3365,7,0.8451148399381173
2774,3387,7,0.845184259589829
2775,3394,7,0.8452536792415407
2776,3426,7,0.8453230988932524
2777,3478,7,0.8453925185449641
2778,3513,7,0.8454619381966758
2779,3521,7,0.8455313578483875
2780,3565,7,0.8456007775000992
2781,3629,7,0.8456701971518109
2782,3684,7,0.8457396168035225
2783,3811,7,0.8458090364552342
2784,3873,7,0.8458784561069459
2785,3952,7,0.8459478757586576
2786,4006,7,0.8460172954103693
2787,4056,7,0.846086715062081
2788,4068,7,0.8461561347137927
2789,4109,7,0.8462255543655044
2790,4159,7,0.8462949740172161
2791,4225,7,0.8463643936689278
2792,4380,7,0.8464338133206395
2793,4450,7,0.8465032329723512
2794,4649,7,0.8465726526240628
2795,4654,7,0.8466420722757745
2796,4681,7,0.8467114919274862
2797,4713,7,0.8467809115791979
2798,4741,7,0.8468503312309096
2799,4744,7,0.8469197508826213
2800,4889,7,0.846989170534333
2801,4951,7,0.8470585901860447
2802,5004,7,0.8471280098377564
2803,5094,7,0.8471974294894681
2804,5106,7,0.8472668491411798
2805,5159,7,0.8473362687928915
2806,5292,7,0.8474056884446031
2807,5303,7,0.8474751080963148
2808,5312,7,0.8475445277480265
2809,5316,7,0.8476139473997382
2810,5325,7,0.8476833670514499
2811,5364,7,0.8477527867031616
2812,5446,7,0.8478222063548733
2813,5501,7,0.847891626006585
2814,5504,7,0.8479610456582967
2815,5508,7,0.8480304653100084
2816,5530,7,0.8480998849617201
2817,5568,7,0.8481693046134318
2818,5572,7,0.8482387242651434
2819,5573,7,0.848308143916855
2820,5747,7,0.8483775635685668
2821,5803,7,0.8484469832202785
2822,6001,7,0.8485164028719901
2823,6213,7,0.8485858225237018
2824,6250,7,0.8486552421754135
2825,6290,7,0.8487246618271252
2826,6380,7,0.848794081478837
2827,6484,7,0.8488635011305486
2828,6639,7,0.8489329207822603
2829,6645,7,0.849002340433972
2830,6721,7,0.8490717600856836
2831,6763,7,0.8491411797373953
2832,6868,7,0.849210599389107
2833,6880,7,0.8492800190408187
2834,6881,7,0.8493494386925304
2835,6932,7,0.8494188583442421
2836,6987,7,0.8494882779959538
2837,6996,7,0.8495576976476655
2838,7013,7,0.8496271172993772
2839,7028,7,0.8496965369510889
2840,7036,7,0.8497659566028006
2841,7139,7,0.8498353762545123
2842,7375,7,0.8499047959062239
2843,7380,7,0.8499742155579356
2844,7381,7,0.8500436352096473
2845,7396,7,0.850113054861359
2846,7419,7,0.8501824745130707
2847,7701,7,0.8502518941647824
2848,7934,7,0.8503213138164941
2849,7980,7,0.8503907334682058
2850,8042,7,0.8504601531199175
2851,8169,7,0.8505295727716292
2852,8340,7,0.8505989924233409
2853,8633,7,0.8506684120750526
2854,8808,7,0.8507378317267642
2855,8814,7,0.8508072513784759
2856,8860,7,0.8508766710301876
2857,8880,7,0.8509460906818993
2858,27266,7,0.851015510333611
2859,31225,7,0.8510849299853227
2860,32017,7,0.8511543496370344
2861,32596,7,0.8512237692887461
2862,33495,7,0.8512931889404578
2863,33669,7,0.8513626085921695
2864,33672,7,0.8514320282438812
2865,34323,7,0.8515014478955928
2866,34534,7,0.8515708675473045
2867,36527,7,0.8516402871990162
2868,39414,7,0.8517097068507279
2869,39715,7,0.8517791265024396
2870,40148,7,0.8518485461541513
2871,40339,7,0.851917965805863
2872,41716,7,0.8519873854575747
2873,42725,7,0.8520568051092864
2874,43396,7,0.8521262247609981
2875,43836,7,0.8521956444127098
2876,45210,7,0.8522650640644215
2877,47644,7,0.8523344837161331
2878,47999,7,0.8524039033678448
2879,48322,7,0.8524733230195565
2880,48982,7,0.8525427426712682
2881,49822,7,0.8526121623229799
2882,51709,7,0.8526815819746916
2883,52319,7,0.8527510016264033
2884,53129,7,0.852820421278115
2885,53460,7,0.8528898409298267
2886,53468,7,0.8529592605815384
2887,54256,7,0.8530286802332501
2888,56156,7,0.8530980998849618
2889,58154,7,0.8531675195366734
2890,58162,7,0.8532369391883851
2891,60937,7,0.8533063588400968
2892,61160,7,0.8533757784918085
2893,62644,7,0.8534451981435202
2894,64497,7,0.8535146177952319
2895,64575,7,0.8535840374469436
2896,64622,7,0.8536534570986553
2897,65216,7,0.853722876750367
2898,65682,7,0.8537922964020787
2899,65802,7,0.8538617160537904
2900,69278,7,0.853931135705502
2901,69436,7,0.8540005553572136
2902,71033,7,0.8540699750089253
2903,71254,7,0.854139394660637
2904,72733,7,0.8542088143123487
2905,74530,7,0.8542782339640604
2906,74545,7,0.8543476536157721
2907,78637,7,0.8544170732674838
2908,79357,7,0.8544864929191955
2909,79428,7,0.8545559125709072
2910,80363,7,0.8546253322226189
2911,80831,7,0.8546947518743306
2912,81782,7,0.8547641715260423
2913,81788,7,0.8548335911777539
2914,82167,7,0.8549030108294656
2915,82169,7,0.8549724304811773
2916,82202,7,0.855041850132889
2917,85342,7,0.8551112697846007
2918,85367,7,0.8551806894363124
2919,86320,7,0.8552501090880241
2920,86347,7,0.8553195287397358
2921,86377,7,0.8553889483914475
2922,90439,7,0.8554583680431592
2923,91104,7,0.8555277876948709
2924,95558,7,0.8555972073465826
2925,96861,7,0.8556666269982942
2926,97836,7,0.8557360466500059
2927,98124,7,0.8558054663017176
2928,99149,7,0.8558748859534293
2929,102716,7,0.855944305605141
2930,103384,7,0.8560137252568527
2931,103688,7,0.8560831449085644
2932,106491,7,0.8561525645602761
2933,106642,7,0.8562219842119878
2934,106766,7,0.8562914038636995
2935,108729,7,0.8563608235154112
2936,110501,7,0.8564302431671229
2937,110730,7,0.8564996628188345
2938,122896,7,0.8565690824705462
2939,132046,7,0.8566385021222579
2940,133771,7,0.8567079217739696
2941,134170,7,0.8567773414256813
2942,135436,7,0.856846761077393
2943,140715,7,0.8569161807291047
2944,149354,7,0.8569856003808164
2945,158872,7,0.8570550200325281
2946,159817,7,0.8571244396842398
2947,167746,7,0.8571938593359515
2948,168248,7,0.8572632789876632
2949,170705,7,0.8573326986393748
2950,61,6,0.8573922011979849
2951,132,6,0.8574517037565949
2952,155,6,0.8575112063152048
2953,171,6,0.8575707088738149
2954,191,6,0.8576302114324249
2955,213,6,0.857689713991035
2956,217,6,0.857749216549645
2957,250,6,0.857808719108255
2958,275,6,0.857868221666865
2959,330,6,0.857927724225475
2960,346,6,0.857987226784085
2961,347,6,0.8580467293426951
2962,354,6,0.8581062319013051
2963,414,6,0.8581657344599151
2964,429,6,0.8582252370185252
2965,444,6,0.8582847395771351
2966,459,6,0.8583442421357451
2967,472,6,0.8584037446943552
2968,501,6,0.8584632472529652
2969,548,6,0.8585227498115753
2970,556,6,0.8585822523701853
2971,569,6,0.8586417549287952
2972,611,6,0.8587012574874053
2973,612,6,0.8587607600460153
2974,627,6,0.8588202626046253
2975,828,6,0.8588797651632354
2976,833,6,0.8589392677218454
2977,851,6,0.8589987702804553
2978,886,6,0.8590582728390654
2979,936,6,0.8591177753976754
2980,938,6,0.8591772779562854
2981,942,6,0.8592367805148955
2982,948,6,0.8592962830735055
2983,949,6,0.8593557856321156
2984,1004,6,0.8594152881907255
2985,1018,6,0.8594747907493355
2986,1024,6,0.8595342933079456
2987,1082,6,0.8595937958665556
2988,1083,6,0.8596532984251656
2989,1126,6,0.8597128009837757
2990,1177,6,0.8597723035423857
2991,1190,6,0.8598318061009956
2992,1191,6,0.8598913086596057
2993,1226,6,0.8599508112182157
2994,1255,6,0.8600103137768257
2995,1334,6,0.8600698163354358
2996,1361,6,0.8601293188940458
2997,1365,6,0.8601888214526558
2998,1389,6,0.8602483240112658
2999,1454,6,0.8603078265698758
3000,1593,6,0.8603673291284859
3001,1594,6,0.8604268316870959
3002,1683,6,0.8604863342457059
3003,1797,6,0.860545836804316
3004,1809,6,0.8606053393629259
3005,1821,6,0.8606648419215359
3006,1875,6,0.860724344480146
3007,1931,6,0.860783847038756
3008,1949,6,0.860843349597366
3009,1964,6,0.8609028521559761
3010,1977,6,0.860962354714586
3011,1995,6,0.8610218572731961
3012,2036,6,0.8610813598318061
3013,2042,6,0.8611408623904161
3014,2092,6,0.8612003649490262
3015,2093,6,0.8612598675076362
3016,2099,6,0.8613193700662461
3017,2151,6,0.8613788726248562
3018,2184,6,0.8614383751834662
3019,2208,6,0.8614978777420762
3020,2239,6,0.8615573803006863
3021,2261,6,0.8616168828592963
3022,2282,6,0.8616763854179063
3023,2306,6,0.8617358879765163
3024,2315,6,0.8617953905351263
3025,2357,6,0.8618548930937364
3026,2418,6,0.8619143956523464
3027,2430,6,0.8619738982109564
3028,2432,6,0.8620334007695665
3029,2436,6,0.8620929033281765
3030,2497,6,0.8621524058867864
3031,2504,6,0.8622119084453965
3032,2506,6,0.8622714110040065
3033,2548,6,0.8623309135626165
3034,2549,6,0.8623904161212266
3035,2553,6,0.8624499186798366
3036,2574,6,0.8625094212384465
3037,2579,6,0.8625689237970566
3038,2676,6,0.8626284263556666
3039,2748,6,0.8626879289142767
3040,2787,6,0.8627474314728867
3041,2880,6,0.8628069340314967
3042,2940,6,0.8628664365901068
3043,2956,6,0.8629259391487167
3044,2971,6,0.8629854417073267
3045,2976,6,0.8630449442659368
3046,3007,6,0.8631044468245468
3047,3029,6,0.8631639493831568
3048,3032,6,0.8632234519417669
3049,3041,6,0.8632829545003768
3050,3063,6,0.8633424570589868
3051,3079,6,0.8634019596175969
3052,3090,6,0.8634614621762069
3053,3177,6,0.8635209647348169
3054,3181,6,0.863580467293427
3055,3238,6,0.863639969852037
3056,3266,6,0.863699472410647
3057,3392,6,0.863758974969257
3058,3404,6,0.863818477527867
3059,3412,6,0.8638779800864771
3060,3422,6,0.8639374826450871
3061,3469,6,0.863996985203697
3062,3494,6,0.8640564877623071
3063,3511,6,0.8641159903209171
3064,3519,6,0.8641754928795271
3065,3550,6,0.8642349954381372
3066,3594,6,0.8642944979967472
3067,3766,6,0.8643540005553572
3068,3770,6,0.8644135031139673
3069,3788,6,0.8644730056725772
3070,3799,6,0.8645325082311873
3071,3835,6,0.8645920107897973
3072,3841,6,0.8646515133484073
3073,3889,6,0.8647110159070174
3074,3915,6,0.8647705184656274
3075,3925,6,0.8648300210242373
3076,3927,6,0.8648895235828474
3077,3955,6,0.8649490261414574
3078,3985,6,0.8650085287000674
3079,3987,6,0.8650680312586775
3080,3993,6,0.8651275338172875
3081,4102,6,0.8651870363758974
3082,4158,6,0.8652465389345075
3083,4178,6,0.8653060414931175
3084,4203,6,0.8653655440517276
3085,4205,6,0.8654250466103376
3086,4210,6,0.8654845491689476
3087,4211,6,0.8655440517275577
3088,4215,6,0.8656035542861676
3089,4233,6,0.8656630568447776
3090,4248,6,0.8657225594033877
3091,4452,6,0.8657820619619977
3092,4498,6,0.8658415645206077
3093,4546,6,0.8659010670792178
3094,4564,6,0.8659605696378277
3095,4616,6,0.8660200721964377
3096,4676,6,0.8660795747550478
3097,4748,6,0.8661390773136578
3098,4754,6,0.8661985798722679
3099,4774,6,0.8662580824308779
3100,4812,6,0.8663175849894879
3101,4815,6,0.866377087548098
3102,4844,6,0.8664365901067079
3103,4978,6,0.8664960926653179
3104,5016,6,0.866555595223928
3105,5039,6,0.866615097782538
3106,5048,6,0.866674600341148
3107,5319,6,0.866734102899758
3108,5339,6,0.866793605458368
3109,5379,6,0.866853108016978
3110,5421,6,0.8669126105755881
3111,5452,6,0.8669721131341981
3112,5479,6,0.8670316156928082
3113,5585,6,0.8670911182514182
3114,5792,6,0.8671506208100281
3115,5941,6,0.8672101233686382
3116,5942,6,0.8672696259272482
3117,6062,6,0.8673291284858582
3118,6212,6,0.8673886310444683
3119,6322,6,0.8674481336030783
3120,6338,6,0.8675076361616882
3121,6461,6,0.8675671387202983
3122,6536,6,0.8676266412789083
3123,6591,6,0.8676861438375183
3124,6619,6,0.8677456463961284
3125,6664,6,0.8678051489547384
3126,6669,6,0.8678646515133485
3127,6820,6,0.8679241540719584
3128,6974,6,0.8679836566305684
3129,7001,6,0.8680431591891785
3130,7064,6,0.8681026617477885
3131,7101,6,0.8681621643063985
3132,7164,6,0.8682216668650086
3133,7234,6,0.8682811694236185
3134,7235,6,0.8683406719822285
3135,7319,6,0.8684001745408386
3136,7327,6,0.8684596770994486
3137,7376,6,0.8685191796580586
3138,7379,6,0.8685786822166687
3139,7460,6,0.8686381847752787
3140,7624,6,0.8686976873338886
3141,7757,6,0.8687571898924987
3142,8154,6,0.8688166924511087
3143,8207,6,0.8688761950097188
3144,8254,6,0.8689356975683288
3145,8493,6,0.8689952001269388
3146,8531,6,0.8690547026855489
3147,8614,6,0.8691142052441588
3148,8869,6,0.8691737078027688
3149,8879,6,0.8692332103613789
3150,8908,6,0.8692927129199889
3151,8968,6,0.8693522154785989
3152,26133,6,0.869411718037209
3153,27317,6,0.8694712205958189
3154,27721,6,0.8695307231544289
3155,27741,6,0.869590225713039
3156,27772,6,0.869649728271649
3157,27821,6,0.8697092308302591
3158,31427,6,0.8697687333888691
3159,32011,6,0.869828235947479
3160,33085,6,0.8698877385060891
3161,33145,6,0.8699472410646991
3162,33154,6,0.8700067436233091
3163,33164,6,0.8700662461819192
3164,34332,6,0.8701257487405292
3165,37720,6,0.8701852512991392
3166,40581,6,0.8702447538577492
3167,42004,6,0.8703042564163592
3168,43560,6,0.8703637589749692
3169,44004,6,0.8704232615335793
3170,44193,6,0.8704827640921893
3171,44397,6,0.8705422666507994
3172,44788,6,0.8706017692094093
3173,45028,6,0.8706612717680193
3174,45221,6,0.8707207743266294
3175,45440,6,0.8707802768852394
3176,45726,6,0.8708397794438494
3177,45732,6,0.8708992820024595
3178,46974,6,0.8709587845610695
3179,47640,6,0.8710182871196794
3180,48142,6,0.8710777896782895
3181,48520,6,0.8711372922368995
3182,49932,6,0.8711967947955095
3183,50685,6,0.8712562973541196
3184,51834,6,0.8713157999127296
3185,51939,6,0.8713753024713397
3186,52241,6,0.8714348050299496
3187,55872,6,0.8714943075885596
3188,56715,6,0.8715538101471697
3189,56801,6,0.8716133127057797
3190,58103,6,0.8716728152643897
3191,60161,6,0.8717323178229998
3192,62113,6,0.8717918203816097
3193,64030,6,0.8718513229402197
3194,64034,6,0.8719108254988298
3195,64231,6,0.8719703280574398
3196,66297,6,0.8720298306160498
3197,68952,6,0.8720893331746599
3198,69069,6,0.8721488357332698
3199,69306,6,0.8722083382918799
3200,71520,6,0.8722678408504899
3201,71579,6,0.8723273434090999
3202,73268,6,0.87238684596771
3203,75805,6,0.87244634852632
3204,75985,6,0.87250585108493
3205,77866,6,0.87256535364354
3206,78893,6,0.87262485620215
3207,79185,6,0.87268435876076
3208,79242,6,0.8727438613193701
3209,80166,6,0.8728033638779801
3210,80860,6,0.8728628664365901
3211,81156,6,0.8729223689952001
3212,81784,6,0.8729818715538101
3213,82852,6,0.8730413741124202
3214,82854,6,0.8731008766710302
3215,84601,6,0.8731603792296402
3216,85774,6,0.8732198817882503
3217,85780,6,0.8732793843468603
3218,85881,6,0.8733388869054702
3219,86293,6,0.8733983894640803
3220,87192,6,0.8734578920226903
3221,88812,6,0.8735173945813003
3222,89087,6,0.8735768971399104
3223,90249,6,0.8736363996985204
3224,90522,6,0.8736959022571303
3225,91128,6,0.8737554048157404
3226,91976,6,0.8738149073743504
3227,94478,6,0.8738744099329605
3228,94780,6,0.8739339124915705
3229,95088,6,0.8739934150501805
3230,95207,6,0.8740529176087906
3231,95543,6,0.8741124201674005
3232,96728,6,0.8741719227260105
3233,96811,6,0.8742314252846206
3234,100383,6,0.8742909278432306
3235,100498,6,0.8743504304018406
3236,101112,6,0.8744099329604507
3237,103339,6,0.8744694355190606
3238,103372,6,0.8745289380776706
3239,108156,6,0.8745884406362807
3240,108928,6,0.8746479431948907
3241,108945,6,0.8747074457535007
3242,110771,6,0.8747669483121108
3243,116799,6,0.8748264508707208
3244,117895,6,0.8748859534293308
3245,119155,6,0.8749454559879408
3246,122890,6,0.8750049585465508
3247,122898,6,0.8750644611051609
3248,126548,6,0.8751239636637709
3249,127198,6,0.8751834662223809
3250,127202,6,0.875242968780991
3251,130490,6,0.8753024713396009
3252,130634,6,0.8753619738982109
3253,135137,6,0.875421476456821
3254,136562,6,0.875480979015431
3255,136598,6,0.875540481574041
3256,139642,6,0.875599984132651
3257,140711,6,0.875659486691261
3258,142448,6,0.8757189892498711
3259,149352,6,0.8757784918084811
3260,157699,6,0.8758379943670911
3261,160563,6,0.8758974969257012
3262,160980,6,0.8759569994843112
3263,162350,6,0.8760165020429211
3264,162578,6,0.8760760046015312
3265,162606,6,0.8761355071601412
3266,166534,6,0.8761950097187512
3267,166635,6,0.8762545122773613
3268,179401,6,0.8763140148359713
3269,64,5,0.8763636003014796
3270,68,5,0.876413185766988
3271,71,5,0.8764627712324964
3272,75,5,0.8765123566980046
3273,102,5,0.876561942163513
3274,116,5,0.8766115276290214
3275,190,5,0.8766611130945298
3276,242,5,0.876710698560038
3277,259,5,0.8767602840255464
3278,270,5,0.8768098694910548
3279,302,5,0.8768594549565631
3280,334,5,0.8769090404220715
3281,340,5,0.8769586258875798
3282,343,5,0.8770082113530882
3283,390,5,0.8770577968185965
3284,422,5,0.8771073822841049
3285,453,5,0.8771569677496133
3286,458,5,0.8772065532151215
3287,469,5,0.8772561386806299
3288,550,5,0.8773057241461383
3289,580,5,0.8773553096116466
3290,619,5,0.877404895077155
3291,656,5,0.8774544805426633
3292,697,5,0.8775040660081717
3293,725,5,0.87755365147368
3294,813,5,0.8776032369391884
3295,881,5,0.8776528224046968
3296,891,5,0.877702407870205
3297,973,5,0.8777519933357134
3298,990,5,0.8778015788012218
3299,1006,5,0.8778511642667302
3300,1014,5,0.8779007497322385
3301,1016,5,0.8779503351977468
3302,1034,5,0.8779999206632552
3303,1043,5,0.8780495061287635
3304,1050,5,0.8780990915942719
3305,1128,5,0.8781486770597803
3306,1130,5,0.8781982625252885
3307,1187,5,0.8782478479907969
3308,1192,5,0.8782974334563053
3309,1264,5,0.8783470189218137
3310,1306,5,0.878396604387322
3311,1363,5,0.8784461898528303
3312,1366,5,0.8784957753183387
3313,1395,5,0.878545360783847
3314,1399,5,0.8785949462493554
3315,1442,5,0.8786445317148638
3316,1468,5,0.878694117180372
3317,1487,5,0.8787437026458804
3318,1498,5,0.8787932881113888
3319,1554,5,0.8788428735768972
3320,1582,5,0.8788924590424055
3321,1611,5,0.8789420445079138
3322,1633,5,0.8789916299734222
3323,1643,5,0.8790412154389305
3324,1667,5,0.8790908009044389
3325,1703,5,0.8791403863699473
3326,1755,5,0.8791899718354556
3327,1762,5,0.8792395573009639
3328,1783,5,0.8792891427664723
3329,1785,5,0.8793387282319807
3330,1919,5,0.879388313697489
3331,1973,5,0.8794378991629973
3332,1983,5,0.8794874846285057
3333,1993,5,0.879537070094014
3334,2017,5,0.8795866555595224
3335,2070,5,0.8796362410250308
3336,2073,5,0.8796858264905391
3337,2077,5,0.8797354119560474
3338,2084,5,0.8797849974215558
3339,2106,5,0.8798345828870642
3340,2163,5,0.8798841683525725
3341,2170,5,0.8799337538180808
3342,2188,5,0.8799833392835892
3343,2206,5,0.8800329247490976
3344,2252,5,0.8800825102146059
3345,2263,5,0.8801320956801142
3346,2266,5,0.8801816811456226
3347,2275,5,0.8802312666111309
3348,2287,5,0.8802808520766393
3349,2290,5,0.8803304375421477
3350,2303,5,0.8803800230076559
3351,2356,5,0.8804296084731643
3352,2377,5,0.8804791939386727
3353,2382,5,0.8805287794041811
3354,2429,5,0.8805783648696894
3355,2491,5,0.8806279503351977
3356,2498,5,0.8806775358007061
3357,2570,5,0.8807271212662144
3358,2618,5,0.8807767067317228
3359,2654,5,0.8808262921972312
3360,2670,5,0.8808758776627394
3361,2732,5,0.8809254631282478
3362,2736,5,0.8809750485937562
3363,2769,5,0.8810246340592646
3364,2810,5,0.8810742195247729
3365,2866,5,0.8811238049902812
3366,2883,5,0.8811733904557896
3367,2888,5,0.881222975921298
3368,2922,5,0.8812725613868063
3369,2925,5,0.8813221468523147
3370,2937,5,0.881371732317823
3371,2961,5,0.8814213177833313
3372,3038,5,0.8814709032488397
3373,3045,5,0.8815204887143481
3374,3115,5,0.8815700741798564
3375,3130,5,0.8816196596453647
3376,3153,5,0.8816692451108731
3377,3169,5,0.8817188305763815
3378,3182,5,0.8817684160418898
3379,3221,5,0.8818180015073982
3380,3251,5,0.8818675869729065
3381,3286,5,0.8819171724384148
3382,3310,5,0.8819667579039232
3383,3327,5,0.8820163433694316
3384,3342,5,0.88206592883494
3385,3401,5,0.8821155143004482
3386,3425,5,0.8821650997659566
3387,3470,5,0.882214685231465
3388,3501,5,0.8822642706969733
3389,3506,5,0.8823138561624817
3390,3525,5,0.88236344162799
3391,3528,5,0.8824130270934983
3392,3529,5,0.8824626125590067
3393,3538,5,0.8825121980245151
3394,3545,5,0.8825617834900235
3395,3548,5,0.8826113689555317
3396,3553,5,0.8826609544210401
3397,3557,5,0.8827105398865485
3398,3599,5,0.8827601253520568
3399,3632,5,0.8828097108175652
3400,3672,5,0.8828592962830735
3401,3682,5,0.8829088817485818
3402,3690,5,0.8829584672140902
3403,3723,5,0.8830080526795986
3404,3724,5,0.883057638145107
3405,3726,5,0.8831072236106152
3406,3764,5,0.8831568090761236
3407,3840,5,0.883206394541632
3408,3858,5,0.8832559800071403
3409,3864,5,0.8833055654726487
3410,3871,5,0.883355150938157
3411,3946,5,0.8834047364036653
3412,3992,5,0.8834543218691737
3413,4021,5,0.8835039073346821
3414,4030,5,0.8835534928001904
3415,4086,5,0.8836030782656987
3416,4104,5,0.8836526637312071
3417,4220,5,0.8837022491967155
3418,4231,5,0.8837518346622238
3419,4234,5,0.8838014201277321
3420,4241,5,0.8838510055932405
3421,4265,5,0.8839005910587489
3422,4267,5,0.8839501765242572
3423,4275,5,0.8839997619897656
3424,4304,5,0.8840493474552739
3425,4334,5,0.8840989329207822
3426,4356,5,0.8841485183862906
3427,4372,5,0.884198103851799
3428,4383,5,0.8842476893173074
3429,4406,5,0.8842972747828156
3430,4464,5,0.884346860248324
3431,4465,5,0.8843964457138324
3432,4474,5,0.8844460311793407
3433,4509,5,0.8844956166448491
3434,4526,5,0.8845452021103574
3435,4544,5,0.8845947875758657
3436,4591,5,0.8846443730413741
3437,4735,5,0.8846939585068825
3438,4814,5,0.8847435439723909
3439,4821,5,0.8847931294378991
3440,4846,5,0.8848427149034075
3441,4867,5,0.8848923003689159
3442,4900,5,0.8849418858344242
3443,4915,5,0.8849914712999326
3444,4921,5,0.8850410567654409
3445,4971,5,0.8850906422309492
3446,4990,5,0.8851402276964576
3447,5027,5,0.885189813161966
3448,5080,5,0.8852393986274744
3449,5081,5,0.8852889840929826
3450,5092,5,0.885338569558491
3451,5107,5,0.8853881550239994
3452,5298,5,0.8854377404895077
3453,5434,5,0.8854873259550161
3454,5450,5,0.8855369114205244
3455,5451,5,0.8855864968860327
3456,5480,5,0.8856360823515411
3457,5548,5,0.8856856678170495
3458,5570,5,0.8857352532825579
3459,5628,5,0.8857848387480661
3460,5632,5,0.8858344242135745
3461,5665,5,0.8858840096790829
3462,5666,5,0.8859335951445912
3463,5796,5,0.8859831806100996
3464,5804,5,0.8860327660756079
3465,5874,5,0.8860823515411163
3466,5876,5,0.8861319370066246
3467,5909,5,0.886181522472133
3468,5993,5,0.8862311079376414
3469,6014,5,0.8862806934031496
3470,6025,5,0.886330278868658
3471,6301,5,0.8863798643341664
3472,6370,5,0.8864294497996748
3473,6460,5,0.8864790352651831
3474,6538,5,0.8865286207306914
3475,6624,5,0.8865782061961998
3476,6663,5,0.8866277916617081
3477,6666,5,0.8866773771272165
3478,6686,5,0.8867269625927248
3479,6702,5,0.8867765480582331
3480,6713,5,0.8868261335237415
3481,6724,5,0.8868757189892499
3482,6777,5,0.8869253044547583
3483,6791,5,0.8869748899202665
3484,6794,5,0.8870244753857749
3485,6810,5,0.8870740608512833
3486,6811,5,0.8871236463167916
3487,6832,5,0.8871732317823
3488,6887,5,0.8872228172478083
3489,6951,5,0.8872724027133166
3490,6975,5,0.887321988178825
3491,6985,5,0.8873715736443334
3492,7008,5,0.8874211591098418
3493,7018,5,0.88747074457535
3494,7027,5,0.8875203300408584
3495,7044,5,0.8875699155063668
3496,7115,5,0.8876195009718751
3497,7117,5,0.8876690864373835
3498,7320,5,0.8877186719028918
3499,7649,5,0.8877682573684001
3500,7698,5,0.8878178428339085
3501,7700,5,0.8878674282994169
3502,7845,5,0.8879170137649253
3503,7983,5,0.8879665992304335
3504,8128,5,0.8880161846959419
3505,8157,5,0.8880657701614503
3506,8253,5,0.8881153556269586
3507,8266,5,0.888164941092467
3508,8372,5,0.8882145265579753
3509,8387,5,0.8882641120234837
3510,8604,5,0.888313697488992
3511,8607,5,0.8883632829545004
3512,8796,5,0.8884128684200088
3513,8827,5,0.888462453885517
3514,8870,5,0.8885120393510254
3515,9010,5,0.8885616248165338
3516,26084,5,0.8886112102820422
3517,26131,5,0.8886607957475505
3518,26152,5,0.8887103812130588
3519,26242,5,0.8887599666785672
3520,26258,5,0.8888095521440755
3521,26680,5,0.8888591376095839
3522,26729,5,0.8889087230750923
3523,26903,5,0.8889583085406005
3524,27020,5,0.8890078940061089
3525,27156,5,0.8890574794716173
3526,27592,5,0.8891070649371257
3527,27822,5,0.889156650402634
3528,27839,5,0.8892062358681423
3529,27912,5,0.8892558213336507
3530,31364,5,0.889305406799159
3531,32291,5,0.8893549922646674
3532,32898,5,0.8894045777301758
3533,33158,5,0.889454163195684
3534,33903,5,0.8895037486611924
3535,34334,5,0.8895533341267008
3536,34542,5,0.8896029195922092
3537,37739,5,0.8896525050577175
3538,39400,5,0.8897020905232258
3539,39435,5,0.8897516759887342
3540,39449,5,0.8898012614542425
3541,40414,5,0.8898508469197509
3542,41863,5,0.8899004323852593
3543,42418,5,0.8899500178507675
3544,42632,5,0.8899996033162759
3545,42718,5,0.8900491887817843
3546,42728,5,0.8900987742472927
3547,43904,5,0.8901483597128009
3548,43921,5,0.8901979451783093
3549,44709,5,0.8902475306438177
3550,44828,5,0.890297116109326
3551,45662,5,0.8903467015748344
3552,45928,5,0.8903962870403427
3553,47423,5,0.890445872505851
3554,47950,5,0.8904954579713594
3555,49824,5,0.8905450434368678
3556,51575,5,0.8905946289023762
3557,51931,5,0.8906442143678844
3558,54281,5,0.8906937998333928
3559,54648,5,0.8907433852989012
3560,55577,5,0.8907929707644096
3561,55814,5,0.8908425562299179
3562,56805,5,0.8908921416954262
3563,56921,5,0.8909417271609346
3564,58105,5,0.8909913126264429
3565,59126,5,0.8910408980919513
3566,60037,5,0.8910904835574597
3567,60487,5,0.8911400690229679
3568,60514,5,0.8911896544884763
3569,61236,5,0.8912392399539847
3570,62250,5,0.8912888254194931
3571,63853,5,0.8913384108850014
3572,64285,5,0.8913879963505097
3573,65130,5,0.8914375818160181
3574,65685,5,0.8914871672815264
3575,66371,5,0.8915367527470348
3576,66509,5,0.8915863382125432
3577,66785,5,0.8916359236780514
3578,67997,5,0.8916855091435598
3579,68073,5,0.8917350946090682
3580,69134,5,0.8917846800745766
3581,70599,5,0.8918342655400849
3582,71106,5,0.8918838510055932
3583,71135,5,0.8919334364711016
3584,71379,5,0.8919830219366099
3585,71518,5,0.8920326074021183
3586,72605,5,0.8920821928676267
3587,73023,5,0.892131778333135
3588,73266,5,0.8921813637986433
3589,73319,5,0.8922309492641517
3590,73323,5,0.8922805347296601
3591,74532,5,0.8923301201951684
3592,74868,5,0.8923797056606767
3593,77800,5,0.8924292911261851
3594,78039,5,0.8924788765916934
3595,78349,5,0.8925284620572018
3596,79553,5,0.8925780475227102
3597,81417,5,0.8926276329882185
3598,83803,5,0.8926772184537268
3599,85056,5,0.8927268039192352
3600,85401,5,0.8927763893847436
3601,86504,5,0.892825974850252
3602,86781,5,0.8928755603157602
3603,87483,5,0.8929251457812686
3604,90600,5,0.892974731246777
3605,90890,5,0.8930243167122853
3606,91323,5,0.8930739021777937
3607,91653,5,0.893123487643302
3608,91974,5,0.8931730731088103
3609,92938,5,0.8932226585743187
3610,93272,5,0.8932722440398271
3611,93721,5,0.8933218295053353
3612,94953,5,0.8933714149708437
3613,95449,5,0.8934210004363521
3614,95858,5,0.8934705859018605
3615,96417,5,0.8935201713673688
3616,98585,5,0.8935697568328771
3617,100163,5,0.8936193422983855
3618,101025,5,0.8936689277638938
3619,101525,5,0.8937185132294022
3620,102033,5,0.8937680986949106
3621,103235,5,0.8938176841604188
3622,103810,5,0.8938672696259272
3623,104218,5,0.8939168550914356
3624,104243,5,0.893966440556944
3625,110127,5,0.8940160260224523
3626,112788,5,0.8940656114879606
3627,112818,5,0.894115196953469
3628,113378,5,0.8941647824189773
3629,113453,5,0.8942143678844857
3630,117851,5,0.8942639533499941
3631,117881,5,0.8943135388155024
3632,118900,5,0.8943631242810107
3633,118997,5,0.8944127097465191
3634,120635,5,0.8944622952120275
3635,122902,5,0.8945118806775358
3636,128520,5,0.8945614661430441
3637,128620,5,0.8946110516085525
3638,138210,5,0.8946606370740608
3639,140928,5,0.8947102225395692
3640,156609,5,0.8947598080050776
3641,158966,5,0.8948093934705859
3642,161634,5,0.8948589789360942
3643,165549,5,0.8949085644016026
3644,168418,5,0.894958149867111
3645,169984,5,0.8950077353326193
3646,171011,5,0.8950573207981276
3647,175569,5,0.895106906263636
3648,180985,5,0.8951564917291444
3649,183897,5,0.8952060771946527
3650,187595,5,0.8952556626601611
3651,38,4,0.8952953310325678
3652,123,4,0.8953349994049744
3653,187,4,0.8953746677773811
3654,199,4,0.8954143361497878
3655,210,4,0.8954540045221945
3656,240,4,0.8954936728946011
3657,271,4,0.8955333412670078
3658,299,4,0.8955730096394144
3659,365,4,0.8956126780118212
3660,387,4,0.8956523463842279
3661,456,4,0.8956920147566345
3662,461,4,0.8957316831290412
3663,479,4,0.8957713515014479
3664,487,4,0.8958110198738546
3665,512,4,0.8958506882462612
3666,513,4,0.8958903566186679
3667,518,4,0.8959300249910747
3668,523,4,0.8959696933634813
3669,574,4,0.896009361735888
3670,577,4,0.8960490301082946
3671,581,4,0.8960886984807014
3672,606,4,0.896128366853108
3673,634,4,0.8961680352255147
3674,639,4,0.8962077035979213
3675,650,4,0.8962473719703281
3676,680,4,0.8962870403427348
3677,692,4,0.8963267087151414
3678,718,4,0.8963663770875481
3679,766,4,0.8964060454599547
3680,840,4,0.8964457138323615
3681,879,4,0.8964853822047681
3682,947,4,0.8965250505771748
3683,1046,4,0.8965647189495815
3684,1066,4,0.8966043873219882
3685,1099,4,0.8966440556943949
3686,1111,4,0.8966837240668015
3687,1305,4,0.8967233924392082
3688,1326,4,0.8967630608116149
3689,1330,4,0.8968027291840216
3690,1353,4,0.8968423975564283
3691,1382,4,0.8968820659288349
3692,1392,4,0.8969217343012417
3693,1422,4,0.8969614026736483
3694,1447,4,0.897001071046055
3695,1503,4,0.8970407394184616
3696,1550,4,0.8970804077908684
3697,1592,4,0.897120076163275
3698,1598,4,0.8971597445356817
3699,1602,4,0.8971994129080884
3700,1605,4,0.897239081280495
3701,1648,4,0.8972787496529018
3702,1684,4,0.8973184180253084
3703,1727,4,0.8973580863977151
3704,1730,4,0.8973977547701217
3705,1731,4,0.8974374231425285
3706,1733,4,0.8974770915149352
3707,1752,4,0.8975167598873418
3708,1837,4,0.8975564282597485
3709,1844,4,0.8975960966321552
3710,1860,4,0.8976357650045619
3711,1942,4,0.8976754333769685
3712,1979,4,0.8977151017493752
3713,1992,4,0.897754770121782
3714,1996,4,0.8977944384941886
3715,1998,4,0.8978341068665953
3716,1999,4,0.8978737752390019
3717,2016,4,0.8979134436114087
3718,2043,4,0.8979531119838153
3719,2050,4,0.897992780356222
3720,2057,4,0.8980324487286286
3721,2066,4,0.8980721171010353
3722,2091,4,0.8981117854734421
3723,2120,4,0.8981514538458487
3724,2131,4,0.8981911222182554
3725,2149,4,0.898230790590662
3726,2166,4,0.8982704589630688
3727,2181,4,0.8983101273354754
3728,2182,4,0.8983497957078821
3729,2204,4,0.8983894640802887
3730,2205,4,0.8984291324526955
3731,2241,4,0.8984688008251022
3732,2264,4,0.8985084691975088
3733,2265,4,0.8985481375699155
3734,2333,4,0.8985878059423222
3735,2337,4,0.8986274743147289
3736,2383,4,0.8986671426871355
3737,2399,4,0.8987068110595422
3738,2522,4,0.8987464794319489
3739,2561,4,0.8987861478043556
3740,2575,4,0.8988258161767623
3741,2587,4,0.8988654845491689
3742,2593,4,0.8989051529215756
3743,2615,4,0.8989448212939823
3744,2639,4,0.898984489666389
3745,2660,4,0.8990241580387957
3746,2677,4,0.8990638264112023
3747,2693,4,0.8991034947836091
3748,2771,4,0.8991431631560157
3749,2786,4,0.8991828315284224
3750,2789,4,0.899222499900829
3751,2807,4,0.8992621682732358
3752,2836,4,0.8993018366456424
3753,2851,4,0.8993415050180491
3754,2882,4,0.8993811733904558
3755,2902,4,0.8994208417628625
3756,2905,4,0.8994605101352692
3757,2967,4,0.8995001785076758
3758,2970,4,0.8995398468800825
3759,2978,4,0.8995795152524891
3760,2996,4,0.8996191836248959
3761,3011,4,0.8996588519973026
3762,3017,4,0.8996985203697092
3763,3031,4,0.8997381887421159
3764,3074,4,0.8997778571145226
3765,3076,4,0.8998175254869293
3766,3091,4,0.8998571938593359
3767,3093,4,0.8998968622317426
3768,3109,4,0.8999365306041494
3769,3111,4,0.899976198976556
3770,3117,4,0.9000158673489627
3771,3142,4,0.9000555357213693
3772,3163,4,0.9000952040937761
3773,3167,4,0.9001348724661827
3774,3190,4,0.9001745408385894
3775,3194,4,0.900214209210996
3776,3224,4,0.9002538775834028
3777,3225,4,0.9002935459558095
3778,3230,4,0.9003332143282161
3779,3306,4,0.9003728827006228
3780,3384,4,0.9004125510730294
3781,3430,4,0.9004522194454362
3782,3436,4,0.9004918878178428
3783,3445,4,0.9005315561902495
3784,3467,4,0.9005712245626561
3785,3497,4,0.9006108929350629
3786,3500,4,0.9006505613074696
3787,3516,4,0.9006902296798762
3788,3572,4,0.9007298980522829
3789,3576,4,0.9007695664246896
3790,3584,4,0.9008092347970963
3791,3606,4,0.900848903169503
3792,3627,4,0.9008885715419096
3793,3677,4,0.9009282399143164
3794,3689,4,0.900967908286723
3795,3728,4,0.9010075766591297
3796,3732,4,0.9010472450315363
3797,3774,4,0.9010869134039431
3798,3786,4,0.9011265817763497
3799,3801,4,0.9011662501487564
3800,3802,4,0.901205918521163
3801,3822,4,0.9012455868935697
3802,3843,4,0.9012852552659765
3803,3846,4,0.9013249236383831
3804,3865,4,0.9013645920107898
3805,3909,4,0.9014042603831964
3806,3928,4,0.9014439287556032
3807,3930,4,0.9014835971280099
3808,3937,4,0.9015232655004165
3809,3953,4,0.9015629338728232
3810,3973,4,0.9016026022452299
3811,3990,4,0.9016422706176366
3812,4012,4,0.9016819389900432
3813,4042,4,0.9017216073624499
3814,4063,4,0.9017612757348566
3815,4066,4,0.9018009441072633
3816,4067,4,0.90184061247967
3817,4091,4,0.9018802808520766
3818,4124,4,0.9019199492244834
3819,4126,4,0.90195961759689
3820,4141,4,0.9019992859692967
3821,4160,4,0.9020389543417033
3822,4168,4,0.90207862271411
3823,4175,4,0.9021182910865168
3824,4191,4,0.9021579594589234
3825,4221,4,0.9021976278313301
3826,4229,4,0.9022372962037367
3827,4259,4,0.9022769645761435
3828,4293,4,0.9023166329485501
3829,4305,4,0.9023563013209568
3830,4339,4,0.9023959696933634
3831,4381,4,0.9024356380657702
3832,4389,4,0.9024753064381769
3833,4419,4,0.9025149748105835
3834,4432,4,0.9025546431829902
3835,4439,4,0.9025943115553969
3836,4502,4,0.9026339799278036
3837,4518,4,0.9026736483002102
3838,4529,4,0.9027133166726169
3839,4533,4,0.9027529850450235
3840,4535,4,0.9027926534174303
3841,4585,4,0.902832321789837
3842,4605,4,0.9028719901622436
3843,4628,4,0.9029116585346503
3844,4640,4,0.902951326907057
3845,4686,4,0.9029909952794637
3846,4697,4,0.9030306636518703
3847,4703,4,0.903070332024277
3848,4721,4,0.9031100003966838
3849,4725,4,0.9031496687690904
3850,4727,4,0.9031893371414971
3851,4738,4,0.9032290055139037
3852,4745,4,0.9032686738863105
3853,4773,4,0.9033083422587171
3854,4792,4,0.9033480106311238
3855,4802,4,0.9033876790035305
3856,4803,4,0.9034273473759372
3857,4808,4,0.9034670157483439
3858,4850,4,0.9035066841207505
3859,4888,4,0.9035463524931572
3860,4898,4,0.9035860208655638
3861,4912,4,0.9036256892379706
3862,4928,4,0.9036653576103773
3863,4929,4,0.9037050259827839
3864,4969,4,0.9037446943551906
3865,4976,4,0.9037843627275973
3866,5099,4,0.903824031100004
3867,5102,4,0.9038636994724106
3868,5147,4,0.9039033678448173
3869,5214,4,0.903943036217224
3870,5222,4,0.9039827045896307
3871,5246,4,0.9040223729620374
3872,5248,4,0.904062041334444
3873,5255,4,0.9041017097068508
3874,5264,4,0.9041413780792574
3875,5410,4,0.9041810464516641
3876,5414,4,0.9042207148240707
3877,5415,4,0.9042603831964775
3878,5428,4,0.9043000515688842
3879,5438,4,0.9043397199412908
3880,5466,4,0.9043793883136975
3881,5477,4,0.9044190566861041
3882,5522,4,0.9044587250585109
3883,5527,4,0.9044983934309175
3884,5544,4,0.9045380618033242
3885,5646,4,0.9045777301757308
3886,5668,4,0.9046173985481376
3887,5712,4,0.9046570669205443
3888,5809,4,0.9046967352929509
3889,5843,4,0.9047364036653576
3890,5873,4,0.9047760720377643
3891,5879,4,0.904815740410171
3892,5891,4,0.9048554087825776
3893,5899,4,0.9048950771549843
3894,5951,4,0.9049347455273911
3895,5988,4,0.9049744138997977
3896,6012,4,0.9050140822722044
3897,6039,4,0.905053750644611
3898,6040,4,0.9050934190170178
3899,6093,4,0.9051330873894244
3900,6184,4,0.9051727557618311
3901,6220,4,0.9052124241342377
3902,6249,4,0.9052520925066444
3903,6252,4,0.9052917608790512
3904,6286,4,0.9053314292514578
3905,6288,4,0.9053710976238645
3906,6308,4,0.9054107659962711
3907,6332,4,0.9054504343686779
3908,6337,4,0.9054901027410845
3909,6339,4,0.9055297711134912
3910,6341,4,0.9055694394858979
3911,6368,4,0.9056091078583046
3912,6375,4,0.9056487762307113
3913,6559,4,0.9056884446031179
3914,6625,4,0.9057281129755246
3915,6636,4,0.9057677813479313
3916,6643,4,0.905807449720338
3917,6658,4,0.9058471180927447
3918,6687,4,0.9058867864651513
3919,6695,4,0.905926454837558
3920,6710,4,0.9059661232099647
3921,6744,4,0.9060057915823714
3922,6785,4,0.906045459954778
3923,6786,4,0.9060851283271847
3924,6808,4,0.9061247966995915
3925,6852,4,0.9061644650719981
3926,6872,4,0.9062041334444048
3927,6978,4,0.9062438018168114
3928,6989,4,0.9062834701892182
3929,7000,4,0.9063231385616248
3930,7026,4,0.9063628069340315
3931,7033,4,0.9064024753064381
3932,7048,4,0.9064421436788449
3933,7069,4,0.9064818120512516
3934,7084,4,0.9065214804236582
3935,7102,4,0.9065611487960649
3936,7116,4,0.9066008171684716
3937,7121,4,0.9066404855408783
3938,7215,4,0.9066801539132849
3939,7228,4,0.9067198222856916
3940,7257,4,0.9067594906580982
3941,7258,4,0.906799159030505
3942,7259,4,0.9068388274029117
3943,7294,4,0.9068784957753183
3944,7303,4,0.906918164147725
3945,7316,4,0.9069578325201317
3946,7340,4,0.9069975008925384
3947,7362,4,0.907037169264945
3948,7369,4,0.9070768376373517
3949,7386,4,0.9071165060097585
3950,7448,4,0.9071561743821651
3951,7450,4,0.9071958427545718
3952,7481,4,0.9072355111269784
3953,7541,4,0.9072751794993852
3954,7587,4,0.9073148478717918
3955,7706,4,0.9073545162441985
3956,7720,4,0.9073941846166051
3957,7748,4,0.9074338529890119
3958,7762,4,0.9074735213614186
3959,7766,4,0.9075131897338252
3960,7842,4,0.9075528581062319
3961,7894,4,0.9075925264786385
3962,7982,4,0.9076321948510453
3963,8011,4,0.907671863223452
3964,8362,4,0.9077115315958586
3965,8364,4,0.9077511999682653
3966,8501,4,0.907790868340672
3967,8581,4,0.9078305367130787
3968,8951,4,0.9078702050854853
3969,8967,4,0.907909873457892
3970,25771,4,0.9079495418302987
3971,25825,4,0.9079892102027054
3972,26322,4,0.908028878575112
3973,26471,4,0.9080685469475187
3974,26865,4,0.9081082153199255
3975,27193,4,0.9081478836923321
3976,27397,4,0.9081875520647388
3977,27604,4,0.9082272204371454
3978,27674,4,0.9082668888095522
3979,27790,4,0.9083065571819589
3980,27837,4,0.9083462255543655
3981,27878,4,0.9083858939267722
3982,27879,4,0.9084255622991788
3983,27882,4,0.9084652306715856
3984,30850,4,0.9085048990439922
3985,31804,4,0.9085445674163989
3986,32289,4,0.9085842357888055
3987,32460,4,0.9086239041612123
3988,32584,4,0.908663572533619
3989,32657,4,0.9087032409060256
3990,33499,4,0.9087429092784323
3991,33834,4,0.908782577650839
3992,33880,4,0.9088222460232457
3993,34271,4,0.9088619143956523
3994,34336,4,0.908901582768059
3995,34532,4,0.9089412511404658
3996,37240,4,0.9089809195128724
3997,38304,4,0.9090205878852791
3998,38798,4,0.9090602562576857
3999,39231,4,0.9090999246300925
4000,39234,4,0.9091395930024991
4001,39427,4,0.9091792613749058
4002,39869,4,0.9092189297473124
4003,40614,4,0.9092585981197191
4004,40723,4,0.9092982664921259
4005,40851,4,0.9093379348645325
4006,40955,4,0.9093776032369392
4007,42009,4,0.9094172716093458
4008,42013,4,0.9094569399817526
4009,42734,4,0.9094966083541592
4010,43376,4,0.9095362767265659
4011,43917,4,0.9095759450989725
4012,44204,4,0.9096156134713793
4013,44864,4,0.909655281843786
4014,45175,4,0.9096949502161926
4015,45442,4,0.9097346185885993
4016,46967,4,0.909774286961006
4017,47382,4,0.9098139553334127
4018,47810,4,0.9098536237058193
4019,47894,4,0.909893292078226
4020,48412,4,0.9099329604506327
4021,48696,4,0.9099726288230394
4022,49220,4,0.9100122971954461
4023,49772,4,0.9100519655678527
4024,49910,4,0.9100916339402594
4025,49961,4,0.9101313023126661
4026,50798,4,0.9101709706850728
4027,51037,4,0.9102106390574795
4028,51091,4,0.9102503074298861
4029,52694,4,0.9102899758022929
4030,52967,4,0.9103296441746995
4031,53024,4,0.9103693125471062
4032,53127,4,0.9104089809195128
4033,53318,4,0.9104486492919196
4034,53435,4,0.9104883176643263
4035,53956,4,0.9105279860367329
4036,54785,4,0.9105676544091396
4037,55167,4,0.9106073227815463
4038,55245,4,0.910646991153953
4039,55253,4,0.9106866595263596
4040,56563,4,0.9107263278987663
4041,58301,4,0.9107659962711729
4042,58315,4,0.9108056646435797
4043,58347,4,0.9108453330159864
4044,58839,4,0.910885001388393
4045,59333,4,0.9109246697607997
4046,60760,4,0.9109643381332064
4047,60941,4,0.9110040065056131
4048,61352,4,0.9110436748780197
4049,62293,4,0.9110833432504264
4050,62511,4,0.9111230116228332
4051,63433,4,0.9111626799952398
4052,63479,4,0.9112023483676465
4053,63540,4,0.9112420167400531
4054,65188,4,0.9112816851124599
4055,65585,4,0.9113213534848665
4056,65642,4,0.9113610218572732
4057,66665,4,0.9114006902296798
4058,67267,4,0.9114403586020866
4059,67295,4,0.9114800269744933
4060,67695,4,0.9115196953468999
4061,67788,4,0.9115593637193066
4062,69275,4,0.9115990320917132
4063,70159,4,0.91163870046412
4064,70565,4,0.9116783688365266
4065,71462,4,0.9117180372089333
4066,71823,4,0.91175770558134
4067,72167,4,0.9117973739537467
4068,72356,4,0.9118370423261534
4069,73015,4,0.91187671069856
4070,73344,4,0.9119163790709667
4071,74154,4,0.9119560474433734
4072,74324,4,0.9119957158157801
4073,74510,4,0.9120353841881867
4074,74685,4,0.9120750525605934
4075,78088,4,0.9121147209330002
4076,78467,4,0.9121543893054068
4077,80126,4,0.9121940576778135
4078,82667,4,0.9122337260502201
4079,83132,4,0.9122733944226269
4080,85020,4,0.9123130627950335
4081,85022,4,0.9123527311674402
4082,85131,4,0.9123923995398469
4083,85796,4,0.9124320679122535
4084,86142,4,0.9124717362846603
4085,86548,4,0.9125114046570669
4086,87304,4,0.9125510730294736
4087,87867,4,0.9125907414018802
4088,88235,4,0.912630409774287
4089,88356,4,0.9126700781466937
4090,89118,4,0.9127097465191003
4091,90345,4,0.912749414891507
4092,90376,4,0.9127890832639137
4093,90430,4,0.9128287516363204
4094,90531,4,0.912868420008727
4095,90717,4,0.9129080883811337
4096,92507,4,0.9129477567535405
4097,93287,4,0.9129874251259471
4098,93443,4,0.9130270934983538
4099,93766,4,0.9130667618707604
4100,93831,4,0.9131064302431672
4101,94015,4,0.9131460986155738
4102,94070,4,0.9131857669879805
4103,94266,4,0.9132254353603871
4104,95307,4,0.9132651037327938
4105,95873,4,0.9133047721052006
4106,96432,4,0.9133444404776072
4107,96488,4,0.9133841088500139
4108,97860,4,0.9134237772224205
4109,98154,4,0.9134634455948273
4110,98203,4,0.9135031139672339
4111,100390,4,0.9135427823396406
4112,100507,4,0.9135824507120472
4113,101577,4,0.913622119084454
4114,101612,4,0.9136617874568607
4115,101962,4,0.9137014558292673
4116,102993,4,0.913741124201674
4117,103075,4,0.9137807925740807
4118,103596,4,0.9138204609464874
4119,103980,4,0.913860129318894
4120,104069,4,0.9138997976913007
4121,104076,4,0.9139394660637074
4122,105037,4,0.9139791344361141
4123,105197,4,0.9140188028085208
4124,105653,4,0.9140584711809274
4125,105954,4,0.9140981395533341
4126,106540,4,0.9141378079257408
4127,109483,4,0.9141774762981475
4128,109578,4,0.9142171446705541
4129,109673,4,0.9142568130429608
4130,109846,4,0.9142964814153676
4131,112370,4,0.9143361497877742
4132,112911,4,0.9143758181601809
4133,113348,4,0.9144154865325875
4134,113573,4,0.9144551549049943
4135,114795,4,0.914494823277401
4136,117533,4,0.9145344916498076
4137,117887,4,0.9145741600222143
4138,121231,4,0.914613828394621
4139,127096,4,0.9146534967670277
4140,127098,4,0.9146931651394343
4141,127108,4,0.914732833511841
4142,128975,4,0.9147725018842476
4143,130576,4,0.9148121702566544
4144,132157,4,0.914851838629061
4145,132796,4,0.9148915070014677
4146,134214,4,0.9149311753738744
4147,135567,4,0.9149708437462811
4148,136016,4,0.9150105121186878
4149,137337,4,0.9150501804910944
4150,140247,4,0.9150898488635011
4151,140359,4,0.9151295172359079
4152,140956,4,0.9151691856083145
4153,142222,4,0.9152088539807212
4154,142422,4,0.9152485223531278
4155,142997,4,0.9152881907255346
4156,147378,4,0.9153278590979412
4157,147380,4,0.9153675274703479
4158,147384,4,0.9154071958427545
4159,148956,4,0.9154468642151613
4160,151739,4,0.915486532587568
4161,152091,4,0.9155262009599746
4162,152970,4,0.9155658693323813
4163,158813,4,0.9156055377047879
4164,160271,4,0.9156452060771947
4165,160954,4,0.9156848744496013
4166,165101,4,0.915724542822008
4167,167018,4,0.9157642111944146
4168,167036,4,0.9158038795668214
4169,168254,4,0.9158435479392281
4170,168266,4,0.9158832163116347
4171,168326,4,0.9159228846840414
4172,168492,4,0.9159625530564481
4173,170697,4,0.9160022214288548
4174,173145,4,0.9160418898012614
4175,173291,4,0.9160815581736681
4176,174053,4,0.9161212265460749
4177,182823,4,0.9161608949184815
4178,184471,4,0.9162005632908882
4179,185029,4,0.9162402316632948
4180,187541,4,0.9162799000357016
4181,30,3,0.9163096513150065
4182,54,3,0.9163394025943116
4183,78,3,0.9163691538736166
4184,103,3,0.9163989051529216
4185,113,3,0.9164286564322266
4186,146,3,0.9164584077115316
4187,156,3,0.9164881589908366
4188,166,3,0.9165179102701416
4189,209,3,0.9165476615494467
4190,212,3,0.9165774128287516
4191,228,3,0.9166071641080566
4192,251,3,0.9166369153873617
4193,283,3,0.9166666666666666
4194,291,3,0.9166964179459717
4195,304,3,0.9167261692252767
4196,313,3,0.9167559205045817
4197,326,3,0.9167856717838867
4198,424,3,0.9168154230631917
4199,452,3,0.9168451743424967
4200,460,3,0.9168749256218017
4201,486,3,0.9169046769011068
4202,521,3,0.9169344281804117
4203,528,3,0.9169641794597168
4204,536,3,0.9169939307390218
4205,567,3,0.9170236820183267
4206,617,3,0.9170534332976318
4207,665,3,0.9170831845769368
4208,691,3,0.9171129358562419
4209,715,3,0.9171426871355468
4210,731,3,0.9171724384148519
4211,747,3,0.9172021896941569
4212,835,3,0.9172319409734618
4213,869,3,0.9172616922527669
4214,888,3,0.9172914435320719
4215,893,3,0.9173211948113769
4216,927,3,0.9173509460906819
4217,935,3,0.917380697369987
4218,944,3,0.9174104486492919
4219,946,3,0.9174401999285969
4220,998,3,0.917469951207902
4221,1003,3,0.9174997024872069
4222,1051,3,0.917529453766512
4223,1105,3,0.917559205045817
4224,1150,3,0.9175889563251219
4225,1161,3,0.917618707604427
4226,1176,3,0.917648458883732
4227,1236,3,0.917678210163037
4228,1322,3,0.917707961442342
4229,1323,3,0.9177377127216471
4230,1324,3,0.917767464000952
4231,1332,3,0.917797215280257
4232,1340,3,0.9178269665595621
4233,1351,3,0.917856717838867
4234,1355,3,0.9178864691181721
4235,1401,3,0.9179162203974771
4236,1430,3,0.917945971676782
4237,1439,3,0.9179757229560871
4238,1453,3,0.9180054742353921
4239,1465,3,0.9180352255146972
4240,1484,3,0.9180649767940021
4241,1497,3,0.9180947280733072
4242,1526,3,0.9181244793526122
4243,1529,3,0.9181542306319171
4244,1551,3,0.9181839819112222
4245,1581,3,0.9182137331905272
4246,1596,3,0.9182434844698322
4247,1599,3,0.9182732357491372
4248,1601,3,0.9183029870284423
4249,1604,3,0.9183327383077472
4250,1606,3,0.9183624895870522
4251,1609,3,0.9183922408663573
4252,1626,3,0.9184219921456622
4253,1629,3,0.9184517434249673
4254,1647,3,0.9184814947042723
4255,1649,3,0.9185112459835773
4256,1670,3,0.9185409972628823
4257,1686,3,0.9185707485421873
4258,1791,3,0.9186004998214923
4259,1804,3,0.9186302511007973
4260,1812,3,0.9186600023801024
4261,1816,3,0.9186897536594073
4262,1827,3,0.9187195049387124
4263,1836,3,0.9187492562180174
4264,1856,3,0.9187790074973223
4265,1859,3,0.9188087587766274
4266,1888,3,0.9188385100559324
4267,1904,3,0.9188682613352375
4268,1913,3,0.9188980126145424
4269,1934,3,0.9189277638938474
4270,1936,3,0.9189575151731525
4271,1938,3,0.9189872664524574
4272,1946,3,0.9190170177317625
4273,1981,3,0.9190467690110675
4274,1984,3,0.9190765202903725
4275,2024,3,0.9191062715696775
4276,2026,3,0.9191360228489825
4277,2035,3,0.9191657741282875
4278,2038,3,0.9191955254075925
4279,2041,3,0.9192252766868976
4280,2051,3,0.9192550279662025
4281,2074,3,0.9192847792455076
4282,2095,3,0.9193145305248126
4283,2102,3,0.9193442818041175
4284,2103,3,0.9193740330834226
4285,2107,3,0.9194037843627276
4286,2119,3,0.9194335356420326
4287,2147,3,0.9194632869213376
4288,2152,3,0.9194930382006427
4289,2177,3,0.9195227894799476
4290,2212,3,0.9195525407592526
4291,2227,3,0.9195822920385577
4292,2310,3,0.9196120433178626
4293,2327,3,0.9196417945971677
4294,2331,3,0.9196715458764727
4295,2347,3,0.9197012971557778
4296,2363,3,0.9197310484350827
4297,2385,3,0.9197607997143877
4298,2439,3,0.9197905509936928
4299,2442,3,0.9198203022729977
4300,2448,3,0.9198500535523028
4301,2453,3,0.9198798048316078
4302,2460,3,0.9199095561109127
4303,2465,3,0.9199393073902178
4304,2472,3,0.9199690586695228
4305,2475,3,0.9199988099488278
4306,2477,3,0.9200285612281328
4307,2488,3,0.9200583125074379
4308,2495,3,0.9200880637867428
4309,2511,3,0.9201178150660478
4310,2514,3,0.9201475663453529
4311,2520,3,0.9201773176246578
4312,2525,3,0.9202070689039629
4313,2526,3,0.9202368201832679
4314,2534,3,0.9202665714625728
4315,2535,3,0.9202963227418779
4316,2537,3,0.9203260740211829
4317,2540,3,0.9203558253004879
4318,2554,3,0.9203855765797929
4319,2555,3,0.920415327859098
4320,2563,3,0.9204450791384029
4321,2582,3,0.920474830417708
4322,2633,3,0.920504581697013
4323,2634,3,0.920534332976318
4324,2681,3,0.920564084255623
4325,2682,3,0.920593835534928
4326,2691,3,0.9206235868142331
4327,2696,3,0.920653338093538
4328,2708,3,0.920683089372843
4329,2782,3,0.9207128406521481
4330,2816,3,0.920742591931453
4331,2817,3,0.9207723432107581
4332,2818,3,0.9208020944900631
4333,2844,3,0.920831845769368
4334,2874,3,0.9208615970486731
4335,2891,3,0.9208913483279781
4336,2899,3,0.9209210996072831
4337,2931,3,0.9209508508865881
4338,2932,3,0.9209806021658932
4339,2943,3,0.9210103534451981
4340,2988,3,0.9210401047245032
4341,3015,3,0.9210698560038082
4342,3048,3,0.9210996072831131
4343,3051,3,0.9211293585624182
4344,3055,3,0.9211591098417232
4345,3064,3,0.9211888611210282
4346,3075,3,0.9212186124003332
4347,3097,3,0.9212483636796382
4348,3127,3,0.9212781149589432
4349,3129,3,0.9213078662382482
4350,3135,3,0.9213376175175533
4351,3145,3,0.9213673687968582
4352,3158,3,0.9213971200761633
4353,3179,3,0.9214268713554683
4354,3185,3,0.9214566226347733
4355,3206,3,0.9214863739140783
4356,3217,3,0.9215161251933833
4357,3235,3,0.9215458764726884
4358,3287,3,0.9215756277519933
4359,3299,3,0.9216053790312984
4360,3324,3,0.9216351303106034
4361,3325,3,0.9216648815899083
4362,3326,3,0.9216946328692134
4363,3350,3,0.9217243841485184
4364,3364,3,0.9217541354278234
4365,3393,3,0.9217838867071284
4366,3395,3,0.9218136379864335
4367,3406,3,0.9218433892657384
4368,3415,3,0.9218731405450434
4369,3420,3,0.9219028918243485
4370,3423,3,0.9219326431036534
4371,3431,3,0.9219623943829585
4372,3480,3,0.9219921456622635
4373,3502,3,0.9220218969415684
4374,3537,3,0.9220516482208735
4375,3544,3,0.9220813995001785
4376,3554,3,0.9221111507794835
4377,3559,3,0.9221409020587885
4378,3563,3,0.9221706533380936
4379,3598,3,0.9222004046173985
4380,3626,3,0.9222301558967035
4381,3653,3,0.9222599071760086
4382,3696,3,0.9222896584553136
4383,3710,3,0.9223194097346186
4384,3712,3,0.9223491610139236
4385,3729,3,0.9223789122932287
4386,3733,3,0.9224086635725336
4387,3743,3,0.9224384148518386
4388,3760,3,0.9224681661311437
4389,3767,3,0.9224979174104486
4390,3769,3,0.9225276686897537
4391,3771,3,0.9225574199690587
4392,3797,3,0.9225871712483636
4393,3810,3,0.9226169225276687
4394,3813,3,0.9226466738069737
4395,3819,3,0.9226764250862787
4396,3837,3,0.9227061763655837
4397,3839,3,0.9227359276448888
4398,3884,3,0.9227656789241937
4399,3908,3,0.9227954302034987
4400,3947,3,0.9228251814828038
4401,3957,3,0.9228549327621087
4402,3964,3,0.9228846840414138
4403,4000,3,0.9229144353207188
4404,4003,3,0.9229441866000238
4405,4024,3,0.9229739378793288
4406,4035,3,0.9230036891586338
4407,4043,3,0.9230334404379388
4408,4081,3,0.9230631917172438
4409,4117,3,0.9230929429965489
4410,4127,3,0.9231226942758539
4411,4130,3,0.9231524455551589
4412,4131,3,0.9231821968344639
4413,4146,3,0.9232119481137689
4414,4187,3,0.9232416993930739
4415,4195,3,0.9232714506723789
4416,4207,3,0.923301201951684
4417,4219,3,0.9233309532309889
4418,4256,3,0.923360704510294
4419,4278,3,0.923390455789599
4420,4285,3,0.9234202070689039
4421,4289,3,0.923449958348209
4422,4300,3,0.923479709627514
4423,4317,3,0.923509460906819
4424,4329,3,0.923539212186124
4425,4345,3,0.923568963465429
4426,4347,3,0.923598714744734
4427,4373,3,0.923628466024039
4428,4392,3,0.9236582173033441
4429,4409,3,0.923687968582649
4430,4424,3,0.9237177198619541
4431,4438,3,0.9237474711412591
4432,4441,3,0.923777222420564
4433,4442,3,0.9238069736998691
4434,4444,3,0.9238367249791741
4435,4471,3,0.9238664762584791
4436,4476,3,0.9238962275377841
4437,4480,3,0.9239259788170892
4438,4482,3,0.9239557300963941
4439,4483,3,0.9239854813756991
4440,4488,3,0.9240152326550042
4441,4492,3,0.9240449839343092
4442,4506,3,0.9240747352136142
4443,4520,3,0.9241044864929192
4444,4531,3,0.9241342377722243
4445,4537,3,0.9241639890515292
4446,4552,3,0.9241937403308342
4447,4563,3,0.9242234916101393
4448,4572,3,0.9242532428894442
4449,4577,3,0.9242829941687493
4450,4602,3,0.9243127454480543
4451,4624,3,0.9243424967273592
4452,4625,3,0.9243722480066643
4453,4636,3,0.9244019992859693
4454,4644,3,0.9244317505652743
4455,4662,3,0.9244615018445793
4456,4663,3,0.9244912531238844
4457,4673,3,0.9245210044031893
4458,4688,3,0.9245507556824943
4459,4709,3,0.9245805069617994
4460,4723,3,0.9246102582411043
4461,4733,3,0.9246400095204094
4462,4736,3,0.9246697607997144
4463,4757,3,0.9246995120790193
4464,4765,3,0.9247292633583244
4465,4771,3,0.9247590146376294
4466,4789,3,0.9247887659169344
4467,4794,3,0.9248185171962394
4468,4795,3,0.9248482684755445
4469,4809,3,0.9248780197548495
4470,4822,3,0.9249077710341544
4471,4833,3,0.9249375223134595
4472,4835,3,0.9249672735927645
4473,4845,3,0.9249970248720695
4474,4849,3,0.9250267761513745
4475,4852,3,0.9250565274306796
4476,4862,3,0.9250862787099845
4477,4916,3,0.9251160299892895
4478,4920,3,0.9251457812685946
4479,4956,3,0.9251755325478995
4480,4991,3,0.9252052838272046
4481,5021,3,0.9252350351065096
4482,5034,3,0.9252647863858146
4483,5046,3,0.9252945376651196
4484,5073,3,0.9253242889444246
4485,5074,3,0.9253540402237296
4486,5075,3,0.9253837915030346
4487,5076,3,0.9254135427823397
4488,5120,3,0.9254432940616446
4489,5127,3,0.9254730453409497
4490,5137,3,0.9255027966202547
4491,5187,3,0.9255325478995596
4492,5250,3,0.9255622991788647
4493,5333,3,0.9255920504581697
4494,5337,3,0.9256218017374747
4495,5382,3,0.9256515530167797
4496,5387,3,0.9256813042960848
4497,5391,3,0.9257110555753898
4498,5404,3,0.9257408068546947
4499,5417,3,0.9257705581339998
4500,5423,3,0.9258003094133048
4501,5427,3,0.9258300606926098
4502,5433,3,0.9258598119719148
4503,5437,3,0.9258895632512198
4504,5460,3,0.9259193145305248
4505,5470,3,0.9259490658098298
4506,5471,3,0.9259788170891349
4507,5475,3,0.9260085683684398
4508,5476,3,0.9260383196477449
4509,5483,3,0.9260680709270499
4510,5485,3,0.9260978222063548
4511,5497,3,0.9261275734856599
4512,5506,3,0.9261573247649649
4513,5523,3,0.9261870760442699
4514,5556,3,0.9262168273235749
4515,5563,3,0.92624657860288
4516,5589,3,0.9262763298821849
4517,5610,3,0.9263060811614899
4518,5613,3,0.926335832440795
4519,5625,3,0.9263655837200999
4520,5643,3,0.926395334999405
4521,5644,3,0.92642508627871
4522,5678,3,0.9264548375580149
4523,5680,3,0.92648458883732
4524,5696,3,0.926514340116625
4525,5788,3,0.92654409139593
4526,5820,3,0.926573842675235
4527,5833,3,0.9266035939545401
4528,5841,3,0.9266333452338451
4529,5965,3,0.92666309651315
4530,6002,3,0.9266928477924551
4531,6005,3,0.9267225990717601
4532,6022,3,0.9267523503510651
4533,6027,3,0.9267821016303701
4534,6041,3,0.9268118529096752
4535,6051,3,0.9268416041889801
4536,6063,3,0.9268713554682851
4537,6100,3,0.9269011067475902
4538,6148,3,0.9269308580268951
4539,6162,3,0.9269606093062002
4540,6170,3,0.9269903605855052
4541,6183,3,0.9270201118648101
4542,6185,3,0.9270498631441152
4543,6193,3,0.9270796144234202
4544,6196,3,0.9271093657027252
4545,6197,3,0.9271391169820302
4546,6215,3,0.9271688682613353
4547,6219,3,0.9271986195406402
4548,6235,3,0.9272283708199452
4549,6270,3,0.9272581220992503
4550,6291,3,0.9272878733785552
4551,6298,3,0.9273176246578603
4552,6300,3,0.9273473759371653
4553,6306,3,0.9273771272164703
4554,6315,3,0.9274068784957753
4555,6319,3,0.9274366297750803
4556,6327,3,0.9274663810543854
4557,6334,3,0.9274961323336903
4558,6335,3,0.9275258836129954
4559,6345,3,0.9275556348923004
4560,6348,3,0.9275853861716054
4561,6349,3,0.9276151374509104
4562,6374,3,0.9276448887302154
4563,6387,3,0.9276746400095204
4564,6433,3,0.9277043912888254
4565,6436,3,0.9277341425681305
4566,6466,3,0.9277638938474354
4567,6483,3,0.9277936451267405
4568,6549,3,0.9278233964060455
4569,6558,3,0.9278531476853504
4570,6566,3,0.9278828989646555
4571,6567,3,0.9279126502439605
4572,6582,3,0.9279424015232655
4573,6584,3,0.9279721528025705
4574,6614,3,0.9280019040818756
4575,6629,3,0.9280316553611805
4576,6638,3,0.9280614066404855
4577,6650,3,0.9280911579197906
4578,6750,3,0.9281209091990955
4579,6776,3,0.9281506604784006
4580,6783,3,0.9281804117577056
4581,6790,3,0.9282101630370105
4582,6800,3,0.9282399143163156
4583,6827,3,0.9282696655956206
4584,6850,3,0.9282994168749257
4585,6869,3,0.9283291681542306
4586,6885,3,0.9283589194335357
4587,6898,3,0.9283886707128407
4588,6920,3,0.9284184219921456
4589,6950,3,0.9284481732714507
4590,6954,3,0.9284779245507557
4591,6959,3,0.9285076758300607
4592,6966,3,0.9285374271093657
4593,7009,3,0.9285671783886708
4594,7010,3,0.9285969296679757
4595,7015,3,0.9286266809472807
4596,7016,3,0.9286564322265858
4597,7017,3,0.9286861835058907
4598,7024,3,0.9287159347851958
4599,7045,3,0.9287456860645008
4600,7060,3,0.9287754373438057
4601,7072,3,0.9288051886231108
4602,7078,3,0.9288349399024158
4603,7080,3,0.9288646911817208
4604,7104,3,0.9288944424610258
4605,7124,3,0.9289241937403309
4606,7142,3,0.9289539450196358
4607,7206,3,0.9289836962989408
4608,7209,3,0.9290134475782459
4609,7216,3,0.9290431988575508
4610,7225,3,0.9290729501368559
4611,7236,3,0.9291027014161609
4612,7261,3,0.929132452695466
4613,7297,3,0.9291622039747709
4614,7299,3,0.9291919552540759
4615,7301,3,0.929221706533381
4616,7310,3,0.9292514578126859
4617,7311,3,0.929281209091991
4618,7348,3,0.929310960371296
4619,7354,3,0.929340711650601
4620,7566,3,0.929370462929906
4621,7579,3,0.929400214209211
4622,7619,3,0.929429965488516
4623,7650,3,0.929459716767821
4624,7728,3,0.9294894680471261
4625,7810,3,0.929519219326431
4626,7812,3,0.929548970605736
4627,7834,3,0.9295787218850411
4628,7840,3,0.929608473164346
4629,7846,3,0.9296382244436511
4630,7932,3,0.9296679757229561
4631,7991,3,0.929697727002261
4632,8008,3,0.9297274782815661
4633,8012,3,0.9297572295608711
4634,8033,3,0.9297869808401761
4635,8044,3,0.9298167321194811
4636,8119,3,0.9298464833987862
4637,8183,3,0.9298762346780911
4638,8261,3,0.9299059859573962
4639,8341,3,0.9299357372367012
4640,8369,3,0.9299654885160061
4641,8491,3,0.9299952397953112
4642,8526,3,0.9300249910746162
4643,8542,3,0.9300547423539213
4644,8695,3,0.9300844936332262
4645,8799,3,0.9301142449125313
4646,8815,3,0.9301439961918363
4647,8833,3,0.9301737474711412
4648,8835,3,0.9302034987504463
4649,8836,3,0.9302332500297513
4650,8838,3,0.9302630013090563
4651,8864,3,0.9302927525883613
4652,8906,3,0.9303225038676664
4653,8916,3,0.9303522551469713
4654,8928,3,0.9303820064262763
4655,8939,3,0.9304117577055814
4656,8948,3,0.9304415089848863
4657,8959,3,0.9304712602641914
4658,8982,3,0.9305010115434964
4659,9018,3,0.9305307628228013
4660,25841,3,0.9305605141021064
4661,25850,3,0.9305902653814114
4662,25937,3,0.9306200166607164
4663,26082,3,0.9306497679400214
4664,26171,3,0.9306795192193265
4665,26340,3,0.9307092704986314
4666,26375,3,0.9307390217779364
4667,26422,3,0.9307687730572415
4668,26492,3,0.9307985243365464
4669,26528,3,0.9308282756158515
4670,26578,3,0.9308580268951565
4671,26585,3,0.9308877781744616
4672,26629,3,0.9309175294537665
4673,26686,3,0.9309472807330715
4674,26712,3,0.9309770320123766
4675,26778,3,0.9310067832916815
4676,26810,3,0.9310365345709866
4677,26870,3,0.9310662858502916
4678,26974,3,0.9310960371295965
4679,27311,3,0.9311257884089016
4680,27368,3,0.9311555396882066
4681,27408,3,0.9311852909675116
4682,27434,3,0.9312150422468166
4683,27478,3,0.9312447935261217
4684,27563,3,0.9312745448054266
4685,27722,3,0.9313042960847316
4686,27728,3,0.9313340473640367
4687,27834,3,0.9313637986433416
4688,27873,3,0.9313935499226467
4689,30803,3,0.9314233012019517
4690,30820,3,0.9314530524812566
4691,30848,3,0.9314828037605617
4692,30898,3,0.9315125550398667
4693,31116,3,0.9315423063191717
4694,31184,3,0.9315720575984767
4695,31700,3,0.9316018088777818
4696,31923,3,0.9316315601570867
4697,32009,3,0.9316613114363917
4698,32022,3,0.9316910627156968
4699,32213,3,0.9317208139950018
4700,32298,3,0.9317505652743068
4701,32300,3,0.9317803165536118
4702,32554,3,0.9318100678329169
4703,33421,3,0.9318398191122218
4704,33639,3,0.9318695703915268
4705,33677,3,0.9318993216708319
4706,33725,3,0.9319290729501368
4707,33830,3,0.9319588242294419
4708,33896,3,0.9319885755087469
4709,34143,3,0.9320183267880519
4710,34153,3,0.9320480780673569
4711,34321,3,0.932077829346662
4712,34523,3,0.9321075806259669
4713,34528,3,0.9321373319052719
4714,34530,3,0.932167083184577
4715,34536,3,0.9321968344638819
4716,36509,3,0.932226585743187
4717,36537,3,0.932256337022492
4718,37736,3,0.9322860883017969
4719,38095,3,0.932315839581102
4720,40959,3,0.932345590860407
4721,40962,3,0.932375342139712
4722,42007,3,0.932405093419017
4723,42015,3,0.932434844698322
4724,42732,3,0.932464595977627
4725,43460,3,0.932494347256932
4726,43708,3,0.9325240985362371
4727,43919,3,0.932553849815542
4728,44731,3,0.9325836010948471
4729,44759,3,0.9326133523741521
4730,45208,3,0.9326431036534572
4731,46062,3,0.9326728549327621
4732,46572,3,0.9327026062120671
4733,46850,3,0.9327323574913722
4734,47261,3,0.9327621087706771
4735,47465,3,0.9327918600499822
4736,47491,3,0.9328216113292872
4737,47725,3,0.9328513626085921
4738,47970,3,0.9328811138878972
4739,48326,3,0.9329108651672022
4740,48593,3,0.9329406164465072
4741,48744,3,0.9329703677258122
4742,49130,3,0.9330001190051173
4743,49132,3,0.9330298702844222
4744,49276,3,0.9330596215637272
4745,49280,3,0.9330893728430323
4746,49284,3,0.9331191241223372
4747,49347,3,0.9331488754016423
4748,49647,3,0.9331786266809473
4749,50005,3,0.9332083779602522
4750,50189,3,0.9332381292395573
4751,50740,3,0.9332678805188623
4752,50802,3,0.9332976317981673
4753,50804,3,0.9333273830774723
4754,51024,3,0.9333571343567774
4755,51884,3,0.9333868856360823
4756,51925,3,0.9334166369153873
4757,52283,3,0.9334463881946924
4758,52712,3,0.9334761394739974
4759,52767,3,0.9335058907533024
4760,53466,3,0.9335356420326074
4761,53550,3,0.9335653933119125
4762,53974,3,0.9335951445912174
4763,54372,3,0.9336248958705224
4764,54732,3,0.9336546471498275
4765,54780,3,0.9336843984291324
4766,55069,3,0.9337141497084375
4767,55094,3,0.9337439009877425
4768,55116,3,0.9337736522670474
4769,55241,3,0.9338034035463525
4770,55250,3,0.9338331548256575
4771,55444,3,0.9338629061049625
4772,55553,3,0.9338926573842675
4773,56176,3,0.9339224086635726
4774,56607,3,0.9339521599428775
4775,57243,3,0.9339819112221825
4776,57532,3,0.9340116625014876
4777,57951,3,0.9340414137807925
4778,58303,3,0.9340711650600976
4779,58332,3,0.9341009163394026
4780,58425,3,0.9341306676187076
4781,59014,3,0.9341604188980126
4782,59037,3,0.9341901701773176
4783,59103,3,0.9342199214566226
4784,59141,3,0.9342496727359276
4785,59727,3,0.9342794240152327
4786,60293,3,0.9343091752945377
4787,60333,3,0.9343389265738427
4788,60979,3,0.9343686778531477
4789,61026,3,0.9343984291324527
4790,61289,3,0.9344281804117577
4791,61348,3,0.9344579316910627
4792,61350,3,0.9344876829703678
4793,62376,3,0.9345174342496727
4794,62394,3,0.9345471855289778
4795,62439,3,0.9345769368082828
4796,63436,3,0.9346066880875877
4797,64032,3,0.9346364393668928
4798,64167,3,0.9346661906461978
4799,64993,3,0.9346959419255028
4800,65126,3,0.9347256932048078
4801,65982,3,0.9347554444841129
4802,68159,3,0.9347851957634178
4803,68486,3,0.9348149470427228
4804,68848,3,0.9348446983220279
4805,69524,3,0.9348744496013328
4806,69606,3,0.9349042008806379
4807,69849,3,0.9349339521599429
4808,70361,3,0.9349637034392478
4809,70521,3,0.9349934547185529
4810,70533,3,0.9350232059978579
4811,70641,3,0.9350529572771629
4812,70728,3,0.9350827085564679
4813,70946,3,0.935112459835773
4814,70984,3,0.935142211115078
4815,70994,3,0.9351719623943829
4816,71211,3,0.935201713673688
4817,71252,3,0.935231464952993
4818,71304,3,0.935261216232298
4819,71668,3,0.935290967511603
4820,72129,3,0.9353207187909081
4821,72395,3,0.935350470070213
4822,72489,3,0.935380221349518
4823,72701,3,0.9354099726288231
4824,72720,3,0.935439723908128
4825,72731,3,0.9354694751874331
4826,73042,3,0.9354992264667381
4827,73106,3,0.935528977746043
4828,73854,3,0.9355587290253481
4829,73929,3,0.9355884803046531
4830,74450,3,0.9356182315839581
4831,74508,3,0.9356479828632631
4832,74698,3,0.9356777341425682
4833,74750,3,0.9357074854218731
4834,74754,3,0.9357372367011781
4835,74916,3,0.9357669879804832
4836,75813,3,0.9357967392597881
4837,77364,3,0.9358264905390932
4838,78266,3,0.9358562418183982
4839,78316,3,0.9358859930977032
4840,79274,3,0.9359157443770082
4841,79879,3,0.9359454956563132
4842,80139,3,0.9359752469356182
4843,80241,3,0.9360049982149232
4844,80586,3,0.9360347494942283
4845,80590,3,0.9360645007735333
4846,80862,3,0.9360942520528382
4847,80969,3,0.9361240033321433
4848,81018,3,0.9361537546114483
4849,81158,3,0.9361835058907533
4850,82499,3,0.9362132571700583
4851,83177,3,0.9362430084493634
4852,84187,3,0.9362727597286683
4853,85179,3,0.9363025110079733
4854,85354,3,0.9363322622872784
4855,85736,3,0.9363620135665833
4856,85788,3,0.9363917648458884
4857,86290,3,0.9364215161251934
4858,86295,3,0.9364512674044984
4859,86835,3,0.9364810186838034
4860,86892,3,0.9365107699631084
4861,87234,3,0.9365405212424134
4862,87298,3,0.9365702725217184
4863,87876,3,0.9366000238010235
4864,89305,3,0.9366297750803284
4865,89759,3,0.9366595263596335
4866,89840,3,0.9366892776389385
4867,90403,3,0.9367190289182434
4868,90603,3,0.9367487801975485
4869,90888,3,0.9367785314768535
4870,91126,3,0.9368082827561585
4871,91628,3,0.9368380340354635
4872,91690,3,0.9368677853147686
4873,91978,3,0.9368975365940736
4874,92008,3,0.9369272878733785
4875,92391,3,0.9369570391526836
4876,92509,3,0.9369867904319886
4877,93563,3,0.9370165417112936
4878,94018,3,0.9370462929905986
4879,94503,3,0.9370760442699037
4880,94833,3,0.9371057955492086
4881,94985,3,0.9371355468285136
4882,95067,3,0.9371652981078187
4883,95309,3,0.9371950493871236
4884,95377,3,0.9372248006664287
4885,95654,3,0.9372545519457337
4886,96020,3,0.9372843032250386
4887,96448,3,0.9373140545043437
4888,96606,3,0.9373438057836487
4889,96616,3,0.9373735570629537
4890,96655,3,0.9374033083422587
4891,99106,3,0.9374330596215638
4892,99145,3,0.9374628109008687
4893,99728,3,0.9374925621801737
4894,99917,3,0.9375223134594788
4895,100083,3,0.9375520647387837
4896,100714,3,0.9375818160180888
4897,101076,3,0.9376115672973938
4898,101283,3,0.9376413185766987
4899,102194,3,0.9376710698560038
4900,103655,3,0.9377008211353088
4901,103801,3,0.9377305724146139
4902,103883,3,0.9377603236939188
4903,103984,3,0.9377900749732239
4904,104283,3,0.9378198262525289
4905,104303,3,0.9378495775318338
4906,104863,3,0.9378793288111389
4907,104906,3,0.9379090800904439
4908,104925,3,0.9379388313697489
4909,106873,3,0.9379685826490539
4910,108949,3,0.937998333928359
4911,109187,3,0.9380280852076639
4912,109895,3,0.9380578364869689
4913,110130,3,0.938087587766274
4914,110297,3,0.9381173390455789
4915,110882,3,0.938147090324884
4916,111622,3,0.938176841604189
4917,112006,3,0.938206592883494
4918,112421,3,0.938236344162799
4919,112515,3,0.938266095442104
4920,112804,3,0.938295846721409
4921,112897,3,0.938325598000714
4922,114060,3,0.9383553492800191
4923,114074,3,0.938385100559324
4924,114762,3,0.938414851838629
4925,114818,3,0.9384446031179341
4926,115122,3,0.938474354397239
4927,115680,3,0.9385041056765441
4928,115877,3,0.9385338569558491
4929,116977,3,0.9385636082351541
4930,117192,3,0.9385933595144591
4931,117466,3,0.9386231107937641
4932,118702,3,0.9386528620730692
4933,120478,3,0.9386826133523741
4934,125916,3,0.9387123646316792
4935,127052,3,0.9387421159109842
4936,129937,3,0.9387718671902892
4937,130450,3,0.9388016184695942
4938,130518,3,0.9388313697488992
4939,131714,3,0.9388611210282042
4940,134881,3,0.9388908723075092
4941,135532,3,0.9389206235868143
4942,136018,3,0.9389503748661192
4943,141544,3,0.9389801261454243
4944,141866,3,0.9390098774247293
4945,142536,3,0.9390396287040342
4946,143969,3,0.9390693799833393
4947,145839,3,0.9390991312626443
4948,147374,3,0.9391288825419493
4949,147382,3,0.9391586338212543
4950,148888,3,0.9391883851005594
4951,151315,3,0.9392181363798643
4952,151455,3,0.9392478876591693
4953,152083,3,0.9392776389384744
4954,155288,3,0.9393073902177793
4955,155509,3,0.9393371414970844
4956,156371,3,0.9393668927763894
4957,156387,3,0.9393966440556943
4958,156607,3,0.9394263953349994
4959,156726,3,0.9394561466143044
4960,157312,3,0.9394858978936095
4961,158783,3,0.9395156491729144
4962,158972,3,0.9395454004522195
4963,160567,3,0.9395751517315245
4964,161580,3,0.9396049030108294
4965,162478,3,0.9396346542901345
4966,162600,3,0.9396644055694395
4967,163134,3,0.9396941568487445
4968,165639,3,0.9397239081280495
4969,166492,3,0.9397536594073546
4970,170813,3,0.9397834106866595
4971,170875,3,0.9398131619659645
4972,175485,3,0.9398429132452696
4973,175661,3,0.9398726645245745
4974,177615,3,0.9399024158038796
4975,177763,3,0.9399321670831846
4976,178061,3,0.9399619183624895
4977,179817,3,0.9399916696417946
4978,180095,3,0.9400214209210996
4979,182715,3,0.9400511722004046
4980,188301,3,0.9400809234797096
4981,40,2,0.940100757665913
4982,53,2,0.9401205918521163
4983,80,2,0.9401404260383196
4984,99,2,0.940160260224523
4985,118,2,0.9401800944107264
4986,119,2,0.9401999285969297
4987,121,2,0.940219762783133
4988,152,2,0.9402395969693363
4989,179,2,0.9402594311555397
4990,183,2,0.940279265341743
4991,184,2,0.9402990995279463
4992,206,2,0.9403189337141498
4993,211,2,0.9403387679003531
4994,214,2,0.9403586020865564
4995,238,2,0.9403784362727597
4996,269,2,0.9403982704589631
4997,278,2,0.9404181046451664
4998,279,2,0.9404379388313697
4999,294,2,0.940457773017573
5000,321,2,0.9404776072037764
5001,331,2,0.9404974413899798
5002,335,2,0.9405172755761831
5003,341,2,0.9405371097623865
5004,352,2,0.9405569439485898
5005,363,2,0.9405767781347931
5006,369,2,0.9405966123209965
5007,384,2,0.9406164465071998
5008,388,2,0.9406362806934031
5009,389,2,0.9406561148796065
5010,408,2,0.9406759490658099
5011,418,2,0.9406957832520132
5012,425,2,0.9407156174382165
5013,430,2,0.9407354516244198
5014,484,2,0.9407552858106232
5015,499,2,0.9407751199968265
5016,504,2,0.9407949541830298
5017,506,2,0.9408147883692332
5018,511,2,0.9408346225554366
5019,547,2,0.9408544567416399
5020,549,2,0.9408742909278432
5021,564,2,0.9408941251140466
5022,568,2,0.9409139593002499
5023,635,2,0.9409337934864532
5024,645,2,0.9409536276726566
5025,668,2,0.9409734618588599
5026,670,2,0.9409932960450633
5027,685,2,0.9410131302312666
5028,695,2,0.94103296441747
5029,703,2,0.9410527986036733
5030,759,2,0.9410726327898766
5031,760,2,0.94109246697608
5032,764,2,0.9411123011622833
5033,779,2,0.9411321353484866
5034,795,2,0.94115196953469
5035,808,2,0.9411718037208934
5036,841,2,0.9411916379070967
5037,867,2,0.9412114720933
5038,870,2,0.9412313062795034
5039,885,2,0.9412511404657067
5040,896,2,0.94127097465191
5041,897,2,0.9412908088381133
5042,907,2,0.9413106430243167
5043,917,2,0.9413304772105201
5044,937,2,0.9413503113967234
5045,941,2,0.9413701455829268
5046,981,2,0.9413899797691301
5047,984,2,0.9414098139553334
5048,988,2,0.9414296481415367
5049,1055,2,0.9414494823277401
5050,1085,2,0.9414693165139434
5051,1107,2,0.9414891507001468
5052,1112,2,0.9415089848863502
5053,1123,2,0.9415288190725535
5054,1151,2,0.9415486532587568
5055,1167,2,0.9415684874449601
5056,1170,2,0.9415883216311635
5057,1312,2,0.9416081558173668
5058,1325,2,0.9416279900035701
5059,1328,2,0.9416478241897734
5060,1329,2,0.9416676583759769
5061,1341,2,0.9416874925621802
5062,1352,2,0.9417073267483835
5063,1397,2,0.9417271609345869
5064,1406,2,0.9417469951207902
5065,1413,2,0.9417668293069935
5066,1415,2,0.9417866634931968
5067,1417,2,0.9418064976794002
5068,1419,2,0.9418263318656036
5069,1428,2,0.9418461660518069
5070,1437,2,0.9418660002380103
5071,1440,2,0.9418858344242136
5072,1460,2,0.9419056686104169
5073,1489,2,0.9419255027966202
5074,1490,2,0.9419453369828236
5075,1495,2,0.9419651711690269
5076,1502,2,0.9419850053552302
5077,1533,2,0.9420048395414337
5078,1545,2,0.942024673727637
5079,1547,2,0.9420445079138403
5080,1564,2,0.9420643421000436
5081,1571,2,0.942084176286247
5082,1572,2,0.9421040104724503
5083,1583,2,0.9421238446586536
5084,1600,2,0.942143678844857
5085,1612,2,0.9421635130310604
5086,1621,2,0.9421833472172637
5087,1623,2,0.942203181403467
5088,1624,2,0.9422230155896704
5089,1642,2,0.9422428497758737
5090,1650,2,0.942262683962077
5091,1662,2,0.9422825181482803
5092,1695,2,0.9423023523344837
5093,1696,2,0.9423221865206871
5094,1699,2,0.9423420207068904
5095,1718,2,0.9423618548930938
5096,1767,2,0.9423816890792971
5097,1770,2,0.9424015232655004
5098,1793,2,0.9424213574517037
5099,1798,2,0.9424411916379071
5100,1829,2,0.9424610258241104
5101,1881,2,0.9424808600103137
5102,1887,2,0.9425006941965172
5103,1897,2,0.9425205283827205
5104,1906,2,0.9425403625689238
5105,1910,2,0.9425601967551271
5106,1922,2,0.9425800309413305
5107,1929,2,0.9425998651275338
5108,1937,2,0.9426196993137371
5109,1941,2,0.9426395334999405
5110,1978,2,0.9426593676861439
5111,1986,2,0.9426792018723472
5112,1987,2,0.9426990360585505
5113,2007,2,0.9427188702447539
5114,2044,2,0.9427387044309572
5115,2068,2,0.9427585386171605
5116,2069,2,0.9427783728033639
5117,2071,2,0.9427982069895672
5118,2098,2,0.9428180411757705
5119,2154,2,0.9428378753619739
5120,2165,2,0.9428577095481773
5121,2178,2,0.9428775437343806
5122,2185,2,0.9428973779205839
5123,2187,2,0.9429172121067873
5124,2201,2,0.9429370462929906
5125,2210,2,0.9429568804791939
5126,2244,2,0.9429767146653972
5127,2255,2,0.9429965488516007
5128,2256,2,0.943016383037804
5129,2260,2,0.9430362172240073
5130,2267,2,0.9430560514102106
5131,2271,2,0.943075885596414
5132,2272,2,0.9430957197826173
5133,2280,2,0.9431155539688206
5134,2283,2,0.943135388155024
5135,2295,2,0.9431552223412273
5136,2314,2,0.9431750565274307
5137,2323,2,0.943194890713634
5138,2330,2,0.9432147248998374
5139,2332,2,0.9432345590860407
5140,2342,2,0.943254393272244
5141,2350,2,0.9432742274584474
5142,2364,2,0.9432940616446507
5143,2365,2,0.943313895830854
5144,2400,2,0.9433337300170574
5145,2419,2,0.9433535642032608
5146,2425,2,0.9433733983894641
5147,2446,2,0.9433932325756674
5148,2482,2,0.9434130667618708
5149,2494,2,0.9434329009480741
5150,2515,2,0.9434527351342774
5151,2521,2,0.9434725693204807
5152,2523,2,0.9434924035066842
5153,2546,2,0.9435122376928875
5154,2552,2,0.9435320718790908
5155,2566,2,0.9435519060652942
5156,2585,2,0.9435717402514975
5157,2586,2,0.9435915744377008
5158,2597,2,0.9436114086239041
5159,2607,2,0.9436312428101075
5160,2614,2,0.9436510769963108
5161,2624,2,0.9436709111825142
5162,2625,2,0.9436907453687176
5163,2629,2,0.9437105795549209
5164,2630,2,0.9437304137411242
5165,2669,2,0.9437502479273275
5166,2674,2,0.9437700821135309
5167,2733,2,0.9437899162997342
5168,2741,2,0.9438097504859375
5169,2749,2,0.943829584672141
5170,2766,2,0.9438494188583443
5171,2784,2,0.9438692530445476
5172,2790,2,0.9438890872307509
5173,2828,2,0.9439089214169543
5174,2847,2,0.9439287556031576
5175,2868,2,0.9439485897893609
5176,2878,2,0.9439684239755642
5177,2886,2,0.9439882581617676
5178,2900,2,0.944008092347971
5179,2903,2,0.9440279265341743
5180,2927,2,0.9440477607203777
5181,2928,2,0.944067594906581
5182,2929,2,0.9440874290927843
5183,2962,2,0.9441072632789876
5184,2977,2,0.944127097465191
5185,3003,2,0.9441469316513943
5186,3028,2,0.9441667658375977
5187,3042,2,0.9441866000238011
5188,3046,2,0.9442064342100044
5189,3077,2,0.9442262683962077
5190,3078,2,0.944246102582411
5191,3094,2,0.9442659367686144
5192,3103,2,0.9442857709548177
5193,3120,2,0.944305605141021
5194,3138,2,0.9443254393272245
5195,3141,2,0.9443452735134278
5196,3150,2,0.9443651076996311
5197,3161,2,0.9443849418858344
5198,3165,2,0.9444047760720378
5199,3211,2,0.9444246102582411
5200,3214,2,0.9444444444444444
5201,3223,2,0.9444642786306477
5202,3240,2,0.9444841128168511
5203,3241,2,0.9445039470030545
5204,3283,2,0.9445237811892578
5205,3302,2,0.9445436153754612
5206,3313,2,0.9445634495616645
5207,3330,2,0.9445832837478678
5208,3368,2,0.9446031179340711
5209,3370,2,0.9446229521202745
5210,3372,2,0.9446427863064778
5211,3391,2,0.9446626204926812
5212,3402,2,0.9446824546788846
5213,3432,2,0.9447022888650879
5214,3446,2,0.9447221230512912
5215,3447,2,0.9447419572374945
5216,3453,2,0.9447617914236979
5217,3454,2,0.9447816256099012
5218,3473,2,0.9448014597961045
5219,3475,2,0.9448212939823079
5220,3539,2,0.9448411281685113
5221,3546,2,0.9448609623547146
5222,3569,2,0.9448807965409179
5223,3571,2,0.9449006307271213
5224,3573,2,0.9449204649133246
5225,3577,2,0.9449402990995279
5226,3580,2,0.9449601332857313
5227,3581,2,0.9449799674719346
5228,3587,2,0.944999801658138
5229,3597,2,0.9450196358443413
5230,3628,2,0.9450394700305447
5231,3641,2,0.945059304216748
5232,3643,2,0.9450791384029513
5233,3655,2,0.9450989725891547
5234,3660,2,0.945118806775358
5235,3662,2,0.9451386409615613
5236,3673,2,0.9451584751477646
5237,3679,2,0.9451783093339681
5238,3694,2,0.9451981435201714
5239,3695,2,0.9452179777063747
5240,3715,2,0.945237811892578
5241,3719,2,0.9452576460787814
5242,3725,2,0.9452774802649847
5243,3738,2,0.945297314451188
5244,3746,2,0.9453171486373914
5245,3747,2,0.9453369828235948
5246,3758,2,0.9453568170097981
5247,3765,2,0.9453766511960014
5248,3768,2,0.9453964853822048
5249,3773,2,0.9454163195684081
5250,3787,2,0.9454361537546114
5251,3790,2,0.9454559879408148
5252,3794,2,0.9454758221270181
5253,3823,2,0.9454956563132215
5254,3830,2,0.9455154904994248
5255,3833,2,0.9455353246856282
5256,3834,2,0.9455551588718315
5257,3849,2,0.9455749930580348
5258,3855,2,0.9455948272442382
5259,3859,2,0.9456146614304415
5260,3862,2,0.9456344956166448
5261,3879,2,0.9456543298028481
5262,3898,2,0.9456741639890516
5263,3901,2,0.9456939981752549
5264,3906,2,0.9457138323614582
5265,3912,2,0.9457336665476616
5266,3929,2,0.9457535007338649
5267,3932,2,0.9457733349200682
5268,3938,2,0.9457931691062715
5269,3963,2,0.9458130032924749
5270,3966,2,0.9458328374786783
5271,3971,2,0.9458526716648816
5272,3989,2,0.945872505851085
5273,4009,2,0.9458923400372883
5274,4031,2,0.9459121742234916
5275,4053,2,0.9459320084096949
5276,4055,2,0.9459518425958983
5277,4061,2,0.9459716767821016
5278,4077,2,0.9459915109683049
5279,4079,2,0.9460113451545084
5280,4080,2,0.9460311793407117
5281,4082,2,0.946051013526915
5282,4092,2,0.9460708477131183
5283,4113,2,0.9460906818993217
5284,4125,2,0.946110516085525
5285,4138,2,0.9461303502717283
5286,4142,2,0.9461501844579316
5287,4147,2,0.9461700186441351
5288,4152,2,0.9461898528303384
5289,4154,2,0.9462096870165417
5290,4164,2,0.9462295212027451
5291,4166,2,0.9462493553889484
5292,4190,2,0.9462691895751517
5293,4193,2,0.946289023761355
5294,4200,2,0.9463088579475584
5295,4217,2,0.9463286921337618
5296,4224,2,0.9463485263199651
5297,4252,2,0.9463683605061685
5298,4263,2,0.9463881946923718
5299,4268,2,0.9464080288785751
5300,4273,2,0.9464278630647784
5301,4276,2,0.9464476972509818
5302,4292,2,0.9464675314371851
5303,4294,2,0.9464873656233884
5304,4296,2,0.9465071998095919
5305,4297,2,0.9465270339957952
5306,4298,2,0.9465468681819985
5307,4312,2,0.9465667023682018
5308,4313,2,0.9465865365544052
5309,4316,2,0.9466063707406085
5310,4337,2,0.9466262049268118
5311,4350,2,0.9466460391130151
5312,4355,2,0.9466658732992186
5313,4390,2,0.9466857074854219
5314,4397,2,0.9467055416716252
5315,4399,2,0.9467253758578286
5316,4403,2,0.9467452100440319
5317,4412,2,0.9467650442302352
5318,4422,2,0.9467848784164385
5319,4426,2,0.9468047126026419
5320,4428,2,0.9468245467888452
5321,4429,2,0.9468443809750486
5322,4433,2,0.946864215161252
5323,4440,2,0.9468840493474553
5324,4443,2,0.9469038835336586
5325,4462,2,0.946923717719862
5326,4466,2,0.9469435519060653
5327,4470,2,0.9469633860922686
5328,4478,2,0.9469832202784719
5329,4484,2,0.9470030544646754
5330,4516,2,0.9470228886508787
5331,4517,2,0.947042722837082
5332,4523,2,0.9470625570232853
5333,4527,2,0.9470823912094887
5334,4534,2,0.947102225395692
5335,4541,2,0.9471220595818953
5336,4565,2,0.9471418937680987
5337,4574,2,0.947161727954302
5338,4578,2,0.9471815621405054
5339,4580,2,0.9472013963267087
5340,4589,2,0.9472212305129121
5341,4593,2,0.9472410646991154
5342,4599,2,0.9472608988853187
5343,4600,2,0.947280733071522
5344,4608,2,0.9473005672577254
5345,4617,2,0.9473204014439287
5346,4619,2,0.9473402356301321
5347,4622,2,0.9473600698163355
5348,4626,2,0.9473799040025388
5349,4629,2,0.9473997381887421
5350,4632,2,0.9474195723749455
5351,4634,2,0.9474394065611488
5352,4661,2,0.9474592407473521
5353,4672,2,0.9474790749335554
5354,4683,2,0.9474989091197589
5355,4690,2,0.9475187433059622
5356,4699,2,0.9475385774921655
5357,4708,2,0.9475584116783689
5358,4711,2,0.9475782458645722
5359,4714,2,0.9475980800507755
5360,4743,2,0.9476179142369788
5361,4749,2,0.9476377484231822
5362,4756,2,0.9476575826093855
5363,4770,2,0.9476774167955889
5364,4780,2,0.9476972509817922
5365,4782,2,0.9477170851679956
5366,4784,2,0.9477369193541989
5367,4796,2,0.9477567535404022
5368,4801,2,0.9477765877266056
5369,4811,2,0.9477964219128089
5370,4826,2,0.9478162560990122
5371,4836,2,0.9478360902852156
5372,4847,2,0.947855924471419
5373,4863,2,0.9478757586576223
5374,4893,2,0.9478955928438256
5375,4909,2,0.947915427030029
5376,4911,2,0.9479352612162323
5377,4919,2,0.9479550954024356
5378,4947,2,0.9479749295886389
5379,4957,2,0.9479947637748423
5380,4959,2,0.9480145979610457
5381,4965,2,0.948034432147249
5382,4977,2,0.9480542663334524
5383,4985,2,0.9480741005196557
5384,4987,2,0.948093934705859
5385,5011,2,0.9481137688920623
5386,5023,2,0.9481336030782657
5387,5033,2,0.948153437264469
5388,5051,2,0.9481732714506724
5389,5062,2,0.9481931056368758
5390,5069,2,0.9482129398230791
5391,5083,2,0.9482327740092824
5392,5096,2,0.9482526081954857
5393,5113,2,0.9482724423816891
5394,5131,2,0.9482922765678924
5395,5134,2,0.9483121107540957
5396,5136,2,0.9483319449402992
5397,5165,2,0.9483517791265025
5398,5170,2,0.9483716133127058
5399,5177,2,0.9483914474989091
5400,5181,2,0.9484112816851125
5401,5202,2,0.9484311158713158
5402,5205,2,0.9484509500575191
5403,5224,2,0.9484707842437224
5404,5226,2,0.9484906184299258
5405,5238,2,0.9485104526161292
5406,5256,2,0.9485302868023325
5407,5258,2,0.9485501209885359
5408,5279,2,0.9485699551747392
5409,5282,2,0.9485897893609425
5410,5288,2,0.9486096235471458
5411,5297,2,0.9486294577333492
5412,5304,2,0.9486492919195525
5413,5324,2,0.9486691261057559
5414,5334,2,0.9486889602919593
5415,5341,2,0.9487087944781626
5416,5346,2,0.9487286286643659
5417,5347,2,0.9487484628505692
5418,5357,2,0.9487682970367726
5419,5361,2,0.9487881312229759
5420,5389,2,0.9488079654091792
5421,5397,2,0.9488277995953825
5422,5398,2,0.948847633781586
5423,5409,2,0.9488674679677893
5424,5425,2,0.9488873021539926
5425,5443,2,0.948907136340196
5426,5447,2,0.9489269705263993
5427,5454,2,0.9489468047126026
5428,5462,2,0.948966638898806
5429,5472,2,0.9489864730850093
5430,5486,2,0.9490063072712127
5431,5499,2,0.949026141457416
5432,5512,2,0.9490459756436194
5433,5521,2,0.9490658098298227
5434,5529,2,0.949085644016026
5435,5531,2,0.9491054782022293
5436,5538,2,0.9491253123884327
5437,5539,2,0.949145146574636
5438,5543,2,0.9491649807608393
5439,5564,2,0.9491848149470428
5440,5569,2,0.9492046491332461
5441,5588,2,0.9492244833194494
5442,5597,2,0.9492443175056527
5443,5603,2,0.9492641516918561
5444,5609,2,0.9492839858780594
5445,5611,2,0.9493038200642627
5446,5619,2,0.949323654250466
5447,5633,2,0.9493434884366695
5448,5636,2,0.9493633226228728
5449,5637,2,0.9493831568090761
5450,5667,2,0.9494029909952795
5451,5670,2,0.9494228251814828
5452,5672,2,0.9494426593676861
5453,5682,2,0.9494624935538895
5454,5685,2,0.9494823277400928
5455,5688,2,0.9495021619262962
5456,5694,2,0.9495219961124995
5457,5707,2,0.9495418302987029
5458,5710,2,0.9495616644849062
5459,5735,2,0.9495814986711095
5460,5755,2,0.9496013328573129
5461,5772,2,0.9496211670435162
5462,5853,2,0.9496410012297195
5463,5867,2,0.9496608354159228
5464,5880,2,0.9496806696021263
5465,5890,2,0.9497005037883296
5466,5893,2,0.9497203379745329
5467,5915,2,0.9497401721607363
5468,5919,2,0.9497600063469396
5469,5925,2,0.9497798405331429
5470,5932,2,0.9497996747193462
5471,5938,2,0.9498195089055496
5472,5949,2,0.949839343091753
5473,5963,2,0.9498591772779563
5474,5980,2,0.9498790114641597
5475,5984,2,0.949898845650363
5476,5994,2,0.9499186798365663
5477,5999,2,0.9499385140227696
5478,6013,2,0.949958348208973
5479,6023,2,0.9499781823951763
5480,6031,2,0.9499980165813796
5481,6035,2,0.950017850767583
5482,6055,2,0.9500376849537864
5483,6060,2,0.9500575191399897
5484,6078,2,0.950077353326193
5485,6116,2,0.9500971875123964
5486,6122,2,0.9501170216985997
5487,6124,2,0.950136855884803
5488,6140,2,0.9501566900710063
5489,6143,2,0.9501765242572098
5490,6153,2,0.9501963584434131
5491,6159,2,0.9502161926296164
5492,6169,2,0.9502360268158198
5493,6195,2,0.9502558610020231
5494,6203,2,0.9502756951882264
5495,6216,2,0.9502955293744297
5496,6217,2,0.9503153635606331
5497,6223,2,0.9503351977468365
5498,6239,2,0.9503550319330398
5499,6244,2,0.9503748661192432
5500,6254,2,0.9503947003054465
5501,6263,2,0.9504145344916498
5502,6265,2,0.9504343686778531
5503,6268,2,0.9504542028640565
5504,6269,2,0.9504740370502598
5505,6280,2,0.9504938712364631
5506,6313,2,0.9505137054226666
5507,6314,2,0.9505335396088699
5508,6320,2,0.9505533737950732
5509,6324,2,0.9505732079812765
5510,6330,2,0.9505930421674799
5511,6357,2,0.9506128763536832
5512,6376,2,0.9506327105398865
5513,6379,2,0.9506525447260898
5514,6405,2,0.9506723789122933
5515,6410,2,0.9506922130984966
5516,6412,2,0.9507120472846999
5517,6425,2,0.9507318814709033
5518,6428,2,0.9507517156571066
5519,6442,2,0.9507715498433099
5520,6448,2,0.9507913840295132
5521,6464,2,0.9508112182157166
5522,6509,2,0.9508310524019199
5523,6517,2,0.9508508865881233
5524,6523,2,0.9508707207743267
5525,6530,2,0.95089055496053
5526,6547,2,0.9509103891467333
5527,6554,2,0.9509302233329366
5528,6568,2,0.95095005751914
5529,6572,2,0.9509698917053433
5530,6577,2,0.9509897258915466
5531,6579,2,0.9510095600777501
5532,6581,2,0.9510293942639534
5533,6612,2,0.9510492284501567
5534,6616,2,0.95106906263636
5535,6631,2,0.9510888968225634
5536,6670,2,0.9511087310087667
5537,6684,2,0.95112856519497
5538,6720,2,0.9511483993811733
5539,6723,2,0.9511682335673767
5540,6732,2,0.9511880677535801
5541,6734,2,0.9512079019397834
5542,6760,2,0.9512277361259868
5543,6770,2,0.9512475703121901
5544,6780,2,0.9512674044983934
5545,6798,2,0.9512872386845967
5546,6812,2,0.9513070728708001
5547,6818,2,0.9513269070570034
5548,6851,2,0.9513467412432068
5549,6856,2,0.9513665754294102
5550,6858,2,0.9513864096156135
5551,6862,2,0.9514062438018168
5552,6884,2,0.9514260779880201
5553,6889,2,0.9514459121742235
5554,6902,2,0.9514657463604268
5555,6909,2,0.9514855805466301
5556,6918,2,0.9515054147328336
5557,6945,2,0.9515252489190369
5558,6946,2,0.9515450831052402
5559,6963,2,0.9515649172914435
5560,6970,2,0.9515847514776469
5561,6981,2,0.9516045856638502
5562,6992,2,0.9516244198500535
5563,6994,2,0.9516442540362569
5564,6997,2,0.9516640882224602
5565,6999,2,0.9516839224086636
5566,7019,2,0.951703756594867
5567,7025,2,0.9517235907810703
5568,7030,2,0.9517434249672736
5569,7050,2,0.9517632591534769
5570,7051,2,0.9517830933396803
5571,7054,2,0.9518029275258836
5572,7056,2,0.9518227617120869
5573,7059,2,0.9518425958982903
5574,7067,2,0.9518624300844937
5575,7079,2,0.951882264270697
5576,7082,2,0.9519020984569003
5577,7085,2,0.9519219326431037
5578,7087,2,0.951941766829307
5579,7089,2,0.9519616010155103
5580,7091,2,0.9519814352017136
5581,7092,2,0.952001269387917
5582,7093,2,0.9520211035741204
5583,7107,2,0.9520409377603237
5584,7108,2,0.952060771946527
5585,7118,2,0.9520806061327304
5586,7171,2,0.9521004403189337
5587,7175,2,0.952120274505137
5588,7192,2,0.9521401086913404
5589,7193,2,0.9521599428775437
5590,7208,2,0.9521797770637471
5591,7212,2,0.9521996112499505
5592,7222,2,0.9522194454361538
5593,7305,2,0.9522392796223571
5594,7307,2,0.9522591138085604
5595,7315,2,0.9522789479947638
5596,7321,2,0.9522987821809671
5597,7333,2,0.9523186163671704
5598,7352,2,0.9523384505533738
5599,7382,2,0.9523582847395772
5600,7395,2,0.9523781189257805
5601,7440,2,0.9523979531119838
5602,7449,2,0.9524177872981872
5603,7486,2,0.9524376214843905
5604,7493,2,0.9524574556705938
5605,7564,2,0.9524772898567971
5606,7581,2,0.9524971240430005
5607,7584,2,0.9525169582292039
5608,7614,2,0.9525367924154072
5609,7618,2,0.9525566266016106
5610,7646,2,0.9525764607878139
5611,7647,2,0.9525962949740172
5612,7657,2,0.9526161291602205
5613,7705,2,0.9526359633464239
5614,7743,2,0.9526557975326272
5615,7753,2,0.9526756317188306
5616,7756,2,0.952695465905034
5617,7767,2,0.9527153000912373
5618,7773,2,0.9527351342774406
5619,7782,2,0.9527549684636439
5620,7789,2,0.9527748026498473
5621,7820,2,0.9527946368360506
5622,7841,2,0.9528144710222539
5623,7844,2,0.9528343052084572
5624,7883,2,0.9528541393946607
5625,7884,2,0.952873973580864
5626,7888,2,0.9528938077670673
5627,7889,2,0.9529136419532707
5628,7895,2,0.952933476139474
5629,7925,2,0.9529533103256773
5630,7930,2,0.9529731445118806
5631,7937,2,0.952992978698084
5632,8016,2,0.9530128128842874
5633,8024,2,0.9530326470704907
5634,8035,2,0.9530524812566941
5635,8121,2,0.9530723154428974
5636,8138,2,0.9530921496291007
5637,8142,2,0.953111983815304
5638,8167,2,0.9531318180015074
5639,8195,2,0.9531516521877107
5640,8199,2,0.953171486373914
5641,8235,2,0.9531913205601175
5642,8268,2,0.9532111547463208
5643,8270,2,0.9532309889325241
5644,8290,2,0.9532508231187274
5645,8327,2,0.9532706573049308
5646,8337,2,0.9532904914911341
5647,8363,2,0.9533103256773374
5648,8405,2,0.9533301598635407
5649,8451,2,0.9533499940497442
5650,8477,2,0.9533698282359475
5651,8482,2,0.9533896624221508
5652,8487,2,0.9534094966083542
5653,8492,2,0.9534293307945575
5654,8506,2,0.9534491649807608
5655,8521,2,0.9534689991669641
5656,8530,2,0.9534888333531675
5657,8574,2,0.9535086675393709
5658,8578,2,0.9535285017255742
5659,8582,2,0.9535483359117776
5660,8596,2,0.9535681700979809
5661,8600,2,0.9535880042841842
5662,8605,2,0.9536078384703875
5663,8609,2,0.9536276726565909
5664,8610,2,0.9536475068427942
5665,8620,2,0.9536673410289975
5666,8656,2,0.953687175215201
5667,8677,2,0.9537070094014043
5668,8718,2,0.9537268435876076
5669,8724,2,0.953746677773811
5670,8730,2,0.9537665119600143
5671,8743,2,0.9537863461462176
5672,8748,2,0.9538061803324209
5673,8778,2,0.9538260145186243
5674,8782,2,0.9538458487048277
5675,8809,2,0.953865682891031
5676,8813,2,0.9538855170772343
5677,8830,2,0.9539053512634377
5678,8832,2,0.953925185449641
5679,8848,2,0.9539450196358443
5680,8912,2,0.9539648538220477
5681,8919,2,0.953984688008251
5682,8943,2,0.9540045221944543
5683,8946,2,0.9540243563806577
5684,8974,2,0.9540441905668611
5685,8978,2,0.9540640247530644
5686,9005,2,0.9540838589392677
5687,25750,2,0.954103693125471
5688,25788,2,0.9541235273116744
5689,25827,2,0.9541433614978777
5690,25856,2,0.954163195684081
5691,25886,2,0.9541830298702845
5692,25898,2,0.9542028640564878
5693,26052,2,0.9542226982426911
5694,26116,2,0.9542425324288945
5695,26151,2,0.9542623666150978
5696,26159,2,0.9542822008013011
5697,26172,2,0.9543020349875044
5698,26183,2,0.9543218691737078
5699,26184,2,0.9543417033599112
5700,26198,2,0.9543615375461145
5701,26249,2,0.9543813717323179
5702,26326,2,0.9544012059185212
5703,26409,2,0.9544210401047245
5704,26413,2,0.9544408742909278
5705,26444,2,0.9544607084771312
5706,26504,2,0.9544805426633345
5707,26510,2,0.9545003768495378
5708,26524,2,0.9545202110357413
5709,26542,2,0.9545400452219446
5710,26547,2,0.9545598794081479
5711,26554,2,0.9545797135943512
5712,26555,2,0.9545995477805546
5713,26564,2,0.9546193819667579
5714,26606,2,0.9546392161529612
5715,26612,2,0.9546590503391645
5716,26631,2,0.954678884525368
5717,26649,2,0.9546987187115713
5718,26681,2,0.9547185528977746
5719,26700,2,0.954738387083978
5720,26704,2,0.9547582212701813
5721,26750,2,0.9547780554563846
5722,26764,2,0.9547978896425879
5723,26765,2,0.9548177238287913
5724,26792,2,0.9548375580149946
5725,26812,2,0.954857392201198
5726,26871,2,0.9548772263874014
5727,26965,2,0.9548970605736047
5728,26999,2,0.954916894759808
5729,27032,2,0.9549367289460113
5730,27186,2,0.9549565631322147
5731,27251,2,0.954976397318418
5732,27416,2,0.9549962315046213
5733,27441,2,0.9550160656908248
5734,27482,2,0.9550358998770281
5735,27555,2,0.9550557340632314
5736,27584,2,0.9550755682494347
5737,27618,2,0.9550954024356381
5738,27619,2,0.9551152366218414
5739,27664,2,0.9551350708080447
5740,27685,2,0.955154904994248
5741,27768,2,0.9551747391804514
5742,27793,2,0.9551945733666548
5743,27820,2,0.9552144075528581
5744,27838,2,0.9552342417390615
5745,27850,2,0.9552540759252648
5746,27865,2,0.9552739101114681
5747,27899,2,0.9552937442976714
5748,30745,2,0.9553135784838748
5749,30846,2,0.9553334126700781
5750,30883,2,0.9553532468562815
5751,31101,2,0.9553730810424849
5752,31114,2,0.9553929152286882
5753,31431,2,0.9554127494148915
5754,31437,2,0.9554325836010948
5755,31445,2,0.9554524177872982
5756,31660,2,0.9554722519735015
5757,31694,2,0.9554920861597048
5758,32387,2,0.9555119203459083
5759,32456,2,0.9555317545321116
5760,32582,2,0.9555515887183149
5761,32770,2,0.9555714229045182
5762,32892,2,0.9555912570907216
5763,33090,2,0.9556110912769249
5764,33171,2,0.9556309254631282
5765,33564,2,0.9556507596493315
5766,33681,2,0.9556705938355349
5767,33683,2,0.9556904280217383
5768,33779,2,0.9557102622079416
5769,33781,2,0.955730096394145
5770,33815,2,0.9557499305803483
5771,34148,2,0.9557697647665516
5772,34326,2,0.955789598952755
5773,36276,2,0.9558094331389583
5774,36363,2,0.9558292673251616
5775,36533,2,0.955849101511365
5776,36850,2,0.9558689356975684
5777,37545,2,0.9558887698837717
5778,37853,2,0.955908604069975
5779,38388,2,0.9559284382561783
5780,39801,2,0.9559482724423817
5781,40412,2,0.955968106628585
5782,40697,2,0.9559879408147883
5783,40870,2,0.9560077750009917
5784,40946,2,0.9560276091871951
5785,41527,2,0.9560474433733984
5786,41617,2,0.9560672775596017
5787,42018,2,0.9560871117458051
5788,42191,2,0.9561069459320084
5789,42730,2,0.9561267801182117
5790,42946,2,0.956146614304415
5791,43556,2,0.9561664484906184
5792,43869,2,0.9561862826768218
5793,43932,2,0.9562061168630251
5794,44020,2,0.9562259510492285
5795,44225,2,0.9562457852354318
5796,44399,2,0.9562656194216351
5797,44613,2,0.9562854536078385
5798,44889,2,0.9563052877940418
5799,44929,2,0.9563251219802451
5800,45062,2,0.9563449561664485
5801,45361,2,0.9563647903526519
5802,45382,2,0.9563846245388552
5803,45635,2,0.9564044587250585
5804,46337,2,0.9564242929112619
5805,46347,2,0.9564441270974652
5806,47124,2,0.9564639612836685
5807,47404,2,0.9564837954698718
5808,48161,2,0.9565036296560752
5809,48342,2,0.9565234638422786
5810,48414,2,0.9565432980284819
5811,48518,2,0.9565631322146853
5812,48596,2,0.9565829664008886
5813,48598,2,0.9566028005870919
5814,48638,2,0.9566226347732952
5815,48678,2,0.9566424689594986
5816,48698,2,0.9566623031457019
5817,48879,2,0.9566821373319053
5818,48883,2,0.9567019715181087
5819,49013,2,0.956721805704312
5820,49389,2,0.9567416398905153
5821,49524,2,0.9567614740767186
5822,49793,2,0.956781308262922
5823,49957,2,0.9568011424491253
5824,50003,2,0.9568209766353286
5825,50158,2,0.9568408108215319
5826,50160,2,0.9568606450077354
5827,50274,2,0.9568804791939387
5828,50445,2,0.956900313380142
5829,50658,2,0.9569201475663454
5830,50792,2,0.9569399817525487
5831,50796,2,0.956959815938752
5832,50800,2,0.9569796501249553
5833,50842,2,0.9569994843111587
5834,50851,2,0.9570193184973621
5835,50923,2,0.9570391526835654
5836,50954,2,0.9570589868697688
5837,51088,2,0.9570788210559721
5838,51498,2,0.9570986552421754
5839,51698,2,0.9571184894283787
5840,51705,2,0.9571383236145821
5841,51927,2,0.9571581578007854
5842,51937,2,0.9571779919869887
5843,52375,2,0.9571978261731922
5844,52579,2,0.9572176603593955
5845,52644,2,0.9572374945455988
5846,52668,2,0.9572573287318021
5847,52730,2,0.9572771629180055
5848,52950,2,0.9572969971042088
5849,53022,2,0.9573168312904121
5850,53138,2,0.9573366654766154
5851,53140,2,0.9573564996628189
5852,53161,2,0.9573763338490222
5853,53574,2,0.9573961680352255
5854,54116,2,0.9574160022214289
5855,54185,2,0.9574358364076322
5856,54276,2,0.9574556705938355
5857,54734,2,0.9574755047800388
5858,54745,2,0.9574953389662422
5859,54771,2,0.9575151731524456
5860,55080,2,0.9575350073386489
5861,55272,2,0.9575548415248523
5862,55274,2,0.9575746757110556
5863,55278,2,0.9575945098972589
5864,55292,2,0.9576143440834622
5865,55451,2,0.9576341782696656
5866,55620,2,0.9576540124558689
5867,55946,2,0.9576738466420722
5868,56003,2,0.9576936808282757
5869,56012,2,0.957713515014479
5870,56286,2,0.9577333492006823
5871,56336,2,0.9577531833868856
5872,56379,2,0.957773017573089
5873,57183,2,0.9577928517592923
5874,57536,2,0.9578126859454956
5875,57772,2,0.957832520131699
5876,58107,2,0.9578523543179024
5877,58376,2,0.9578721885041057
5878,58404,2,0.957892022690309
5879,58554,2,0.9579118568765124
5880,58655,2,0.9579316910627157
5881,58806,2,0.957951525248919
5882,58870,2,0.9579713594351223
5883,58876,2,0.9579911936213257
5884,58972,2,0.958011027807529
5885,59129,2,0.9580308619937324
5886,59143,2,0.9580506961799358
5887,59306,2,0.9580705303661391
5888,59429,2,0.9580903645523424
5889,59604,2,0.9581101987385457
5890,60128,2,0.9581300329247491
5891,60289,2,0.9581498671109524
5892,60291,2,0.9581697012971557
5893,60408,2,0.9581895354833592
5894,60516,2,0.9582093696695625
5895,60522,2,0.9582292038557658
5896,60753,2,0.9582490380419691
5897,60885,2,0.9582688722281725
5898,61255,2,0.9582887064143758
5899,61401,2,0.9583085406005791
5900,61406,2,0.9583283747867825
5901,61465,2,0.9583482089729859
5902,61705,2,0.9583680431591892
5903,61729,2,0.9583878773453925
5904,62344,2,0.9584077115315959
5905,62383,2,0.9584275457177992
5906,62792,2,0.9584473799040025
5907,62970,2,0.9584672140902059
5908,63222,2,0.9584870482764092
5909,63276,2,0.9585068824626125
5910,63808,2,0.958526716648816
5911,64116,2,0.9585465508350193
5912,64197,2,0.9585663850212226
5913,64249,2,0.9585862192074259
5914,64997,2,0.9586060533936293
5915,65133,2,0.9586258875798326
5916,66171,2,0.9586457217660359
5917,66198,2,0.9586655559522392
5918,66511,2,0.9586853901384427
5919,66744,2,0.958705224324646
5920,66783,2,0.9587250585108493
5921,66798,2,0.9587448926970527
5922,66943,2,0.958764726883256
5923,67186,2,0.9587845610694593
5924,67534,2,0.9588043952556626
5925,67665,2,0.958824229441866
5926,68194,2,0.9588440636280693
5927,68269,2,0.9588638978142727
5928,68932,2,0.958883732000476
5929,68945,2,0.9589035661866794
5930,68959,2,0.9589234003728827
5931,69453,2,0.958943234559086
5932,69516,2,0.9589630687452894
5933,69529,2,0.9589829029314927
5934,69604,2,0.959002737117696
5935,69805,2,0.9590225713038995
5936,70305,2,0.9590424054901028
5937,70687,2,0.9590622396763061
5938,70862,2,0.9590820738625094
5939,71131,2,0.9591019080487128
5940,71205,2,0.9591217422349161
5941,71248,2,0.9591415764211194
5942,71429,2,0.9591614106073227
5943,71732,2,0.9591812447935261
5944,72171,2,0.9592010789797295
5945,72224,2,0.9592209131659328
5946,72294,2,0.9592407473521362
5947,72308,2,0.9592605815383395
5948,72405,2,0.9592804157245428
5949,73211,2,0.9593002499107461
5950,73290,2,0.9593200840969495
5951,73569,2,0.9593399182831528
5952,73881,2,0.9593597524693562
5953,74075,2,0.9593795866555596
5954,74228,2,0.9593994208417629
5955,74275,2,0.9594192550279662
5956,74282,2,0.9594390892141695
5957,74452,2,0.9594589234003729
5958,74553,2,0.9594787575865762
5959,74668,2,0.9594985917727795
5960,74727,2,0.959518425958983
5961,74791,2,0.9595382601451863
5962,74851,2,0.9595580943313896
5963,74948,2,0.9595779285175929
5964,75395,2,0.9595977627037963
5965,76060,2,0.9596175968899996
5966,76173,2,0.9596374310762029
5967,77191,2,0.9596572652624062
5968,77798,2,0.9596770994486096
5969,78041,2,0.959696933634813
5970,78174,2,0.9597167678210163
5971,78703,2,0.9597366020072197
5972,78836,2,0.959756436193423
5973,79251,2,0.9597762703796263
5974,79798,2,0.9597961045658296
5975,80551,2,0.959815938752033
5976,80615,2,0.9598357729382363
5977,80727,2,0.9598556071244397
5978,80846,2,0.9598754413106431
5979,80880,2,0.9598952754968464
5980,81132,2,0.9599151096830497
5981,81456,2,0.959934943869253
5982,81819,2,0.9599547780554564
5983,81910,2,0.9599746122416597
5984,82041,2,0.959994446427863
5985,82053,2,0.9600142806140664
5986,82242,2,0.9600341148002698
5987,82378,2,0.9600539489864731
5988,83827,2,0.9600737831726764
5989,83910,2,0.9600936173588798
5990,84189,2,0.9601134515450831
5991,84414,2,0.9601332857312864
5992,84615,2,0.9601531199174898
5993,84847,2,0.9601729541036931
5994,84942,2,0.9601927882898965
5995,85397,2,0.9602126224760998
5996,85412,2,0.9602324566623032
5997,85885,2,0.9602522908485065
5998,86059,2,0.9602721250347098
5999,86628,2,0.9602919592209131
6000,86817,2,0.9603117934071165
6001,86898,2,0.9603316275933198
6002,87194,2,0.9603514617795232
6003,87413,2,0.9603712959657266
6004,87444,2,0.9603911301519299
6005,87522,2,0.9604109643381332
6006,87785,2,0.9604307985243365
6007,88272,2,0.9604506327105399
6008,88672,2,0.9604704668967432
6009,88699,2,0.9604903010829465
6010,88746,2,0.9605101352691499
6011,88954,2,0.9605299694553533
6012,89028,2,0.9605498036415566
6013,89030,2,0.96056963782776
6014,89190,2,0.9605894720139633
6015,89582,2,0.9606093062001666
6016,89761,2,0.9606291403863699
6017,89939,2,0.9606489745725733
6018,90057,2,0.9606688087587766
6019,90343,2,0.96068864294498
6020,90374,2,0.9607084771311833
6021,90469,2,0.9607283113173867
6022,90471,2,0.96074814550359
6023,91079,2,0.9607679796897933
6024,91325,2,0.9607878138759967
6025,91353,2,0.9608076480622
6026,91470,2,0.9608274822484033
6027,91488,2,0.9608473164346066
6028,91622,2,0.9608671506208101
6029,91660,2,0.9608869848070134
6030,91671,2,0.9609068189932167
6031,91842,2,0.96092665317942
6032,92048,2,0.9609464873656234
6033,92264,2,0.9609663215518267
6034,92309,2,0.96098615573803
6035,92422,2,0.9610059899242334
6036,92439,2,0.9610258241104368
6037,92475,2,0.9610456582966401
6038,92643,2,0.9610654924828435
6039,92694,2,0.9610853266690468
6040,93006,2,0.9611051608552501
6041,93297,2,0.9611249950414534
6042,93723,2,0.9611448292276568
6043,93805,2,0.9611646634138601
6044,93980,2,0.9611844976000634
6045,94130,2,0.9612043317862669
6046,94150,2,0.9612241659724702
6047,94323,2,0.9612440001586735
6048,94405,2,0.9612638343448768
6049,94896,2,0.9612836685310802
6050,95147,2,0.9613035027172835
6051,95182,2,0.9613233369034868
6052,95475,2,0.9613431710896901
6053,95497,2,0.9613630052758936
6054,95583,2,0.9613828394620969
6055,96004,2,0.9614026736483002
6056,96281,2,0.9614225078345036
6057,96691,2,0.9614423420207069
6058,96815,2,0.9614621762069102
6059,97168,2,0.9614820103931135
6060,97172,2,0.9615018445793169
6061,97470,2,0.9615216787655203
6062,97643,2,0.9615415129517236
6063,97866,2,0.961561347137927
6064,98083,2,0.9615811813241303
6065,98122,2,0.9616010155103336
6066,98239,2,0.9616208496965369
6067,98279,2,0.9616406838827403
6068,98499,2,0.9616605180689436
6069,98623,2,0.9616803522551469
6070,99437,2,0.9617001864413504
6071,99532,2,0.9617200206275537
6072,99764,2,0.961739854813757
6073,99910,2,0.9617596889999603
6074,100553,2,0.9617795231861637
6075,100611,2,0.961799357372367
6076,100810,2,0.9618191915585703
6077,100882,2,0.9618390257447736
6078,101088,2,0.9618588599309771
6079,101415,2,0.9618786941171804
6080,101739,2,0.9618985283033837
6081,101741,2,0.9619183624895871
6082,101765,2,0.9619381966757904
6083,102378,2,0.9619580308619937
6084,102684,2,0.961977865048197
6085,102720,2,0.9619976992344004
6086,102880,2,0.9620175334206037
6087,103048,2,0.9620373676068071
6088,103107,2,0.9620572017930105
6089,103137,2,0.9620770359792138
6090,103539,2,0.9620968701654171
6091,103543,2,0.9621167043516204
6092,103624,2,0.9621365385378238
6093,103819,2,0.9621563727240271
6094,104074,2,0.9621762069102304
6095,104129,2,0.9621960410964339
6096,104245,2,0.9622158752826372
6097,104272,2,0.9622357094688405
6098,104339,2,0.9622555436550438
6099,104419,2,0.9622753778412472
6100,104457,2,0.9622952120274505
6101,104875,2,0.9623150462136538
6102,104908,2,0.9623348803998572
6103,104944,2,0.9623547145860606
6104,105211,2,0.9623745487722639
6105,105250,2,0.9623943829584672
6106,105254,2,0.9624142171446706
6107,105351,2,0.9624340513308739
6108,105355,2,0.9624538855170772
6109,105468,2,0.9624737197032806
6110,105585,2,0.9624935538894839
6111,105593,2,0.9625133880756872
6112,105731,2,0.9625332222618906
6113,106062,2,0.962553056448094
6114,106330,2,0.9625728906342973
6115,106438,2,0.9625927248205006
6116,106839,2,0.962612559006704
6117,107069,2,0.9626323931929073
6118,107314,2,0.9626522273791106
6119,107565,2,0.9626720615653139
6120,107702,2,0.9626918957515174
6121,107953,2,0.9627117299377207
6122,107997,2,0.962731564123924
6123,108188,2,0.9627513983101273
6124,108689,2,0.9627712324963307
6125,108727,2,0.962791066682534
6126,109042,2,0.9628109008687373
6127,109372,2,0.9628307350549407
6128,109569,2,0.962850569241144
6129,109576,2,0.9628704034273474
6130,109848,2,0.9628902376135507
6131,109850,2,0.9629100717997541
6132,109853,2,0.9629299059859574
6133,109864,2,0.9629497401721607
6134,109968,2,0.962969574358364
6135,110655,2,0.9629894085445674
6136,110669,2,0.9630092427307707
6137,111443,2,0.9630290769169741
6138,111663,2,0.9630489111031775
6139,112460,2,0.9630687452893808
6140,112497,2,0.9630885794755841
6141,113252,2,0.9631084136617875
6142,113345,2,0.9631282478479908
6143,113532,2,0.9631480820341941
6144,113741,2,0.9631679162203974
6145,114028,2,0.9631877504066008
6146,114601,2,0.9632075845928042
6147,114627,2,0.9632274187790075
6148,114678,2,0.9632472529652109
6149,114713,2,0.9632670871514142
6150,115231,2,0.9632869213376175
6151,115664,2,0.9633067555238208
6152,116668,2,0.9633265897100242
6153,116887,2,0.9633464238962275
6154,117109,2,0.9633662580824309
6155,117545,2,0.9633860922686343
6156,118572,2,0.9634059264548376
6157,118700,2,0.9634257606410409
6158,118880,2,0.9634455948272442
6159,118888,2,0.9634654290134476
6160,118924,2,0.9634852631996509
6161,118985,2,0.9635050973858542
6162,119655,2,0.9635249315720577
6163,120637,2,0.963544765758261
6164,121097,2,0.9635645999444643
6165,122884,2,0.9635844341306676
6166,123947,2,0.963604268316871
6167,125974,2,0.9636241025030743
6168,126430,2,0.9636439366892776
6169,127136,2,0.9636637708754809
6170,127152,2,0.9636836050616843
6171,127204,2,0.9637034392478877
6172,127298,2,0.963723273434091
6173,128512,2,0.9637431076202944
6174,128852,2,0.9637629418064977
6175,128968,2,0.963782775992701
6176,129397,2,0.9638026101789043
6177,129428,2,0.9638224443651077
6178,129737,2,0.963842278551311
6179,130087,2,0.9638621127375144
6180,131656,2,0.9638819469237178
6181,131826,2,0.9639017811099211
6182,132422,2,0.9639216152961244
6183,132424,2,0.9639414494823277
6184,132660,2,0.9639612836685311
6185,132800,2,0.9639811178547344
6186,133712,2,0.9640009520409377
6187,133802,2,0.964020786227141
6188,135456,2,0.9640406204133445
6189,135518,2,0.9640604545995478
6190,136305,2,0.9640802887857511
6191,136449,2,0.9641001229719545
6192,136602,2,0.9641199571581578
6193,136666,2,0.9641397913443611
6194,138204,2,0.9641596255305644
6195,138208,2,0.9641794597167678
6196,139717,2,0.9641992939029712
6197,139855,2,0.9642191280891745
6198,139915,2,0.9642389622753779
6199,140725,2,0.9642587964615812
6200,141004,2,0.9642786306477845
6201,141408,2,0.9642984648339878
6202,141688,2,0.9643182990201912
6203,141749,2,0.9643381332063945
6204,141830,2,0.9643579673925979
6205,141890,2,0.9643778015788013
6206,142115,2,0.9643976357650046
6207,142372,2,0.9644174699512079
6208,142420,2,0.9644373041374112
6209,142456,2,0.9644571383236146
6210,142509,2,0.9644769725098179
6211,143245,2,0.9644968066960212
6212,143257,2,0.9645166408822246
6213,143367,2,0.964536475068428
6214,144620,2,0.9645563092546313
6215,144976,2,0.9645761434408346
6216,147372,2,0.964595977627038
6217,147376,2,0.9646158118132413
6218,148172,2,0.9646356459994446
6219,148424,2,0.964655480185648
6220,148652,2,0.9646753143718513
6221,148671,2,0.9646951485580547
6222,148881,2,0.964714982744258
6223,150401,2,0.9647348169304614
6224,150596,2,0.9647546511166647
6225,151763,2,0.964774485302868
6226,152037,2,0.9647943194890714
6227,152079,2,0.9648141536752747
6228,155064,2,0.964833987861478
6229,155812,2,0.9648538220476813
6230,155820,2,0.9648736562338848
6231,157200,2,0.9648934904200881
6232,158956,2,0.9649133246062914
6233,159415,2,0.9649331587924947
6234,159441,2,0.9649529929786981
6235,159717,2,0.9649728271649014
6236,159755,2,0.9649926613511047
6237,159858,2,0.9650124955373081
6238,160565,2,0.9650323297235115
6239,160571,2,0.9650521639097148
6240,160718,2,0.9650719980959181
6241,161127,2,0.9650918322821215
6242,161922,2,0.9651116664683248
6243,164200,2,0.9651315006545281
6244,164917,2,0.9651513348407315
6245,165103,2,0.9651711690269348
6246,165947,2,0.9651910032131381
6247,165969,2,0.9652108373993415
6248,166024,2,0.9652306715855449
6249,166291,2,0.9652505057717482
6250,166568,2,0.9652703399579515
6251,166946,2,0.9652901741441549
6252,167370,2,0.9653100083303582
6253,168366,2,0.9653298425165615
6254,168612,2,0.9653496767027648
6255,169912,2,0.9653695108889683
6256,170355,2,0.9653893450751716
6257,171495,2,0.9654091792613749
6258,171765,2,0.9654290134475783
6259,171867,2,0.9654488476337816
6260,172215,2,0.9654686818199849
6261,172547,2,0.9654885160061882
6262,172591,2,0.9655083501923916
6263,173197,2,0.965528184378595
6264,173925,2,0.9655480185647983
6265,176419,2,0.9655678527510017
6266,176751,2,0.965587686937205
6267,178827,2,0.9656075211234083
6268,179211,2,0.9656273553096116
6269,180297,2,0.965647189495815
6270,180497,2,0.9656670236820183
6271,181065,2,0.9656868578682216
6272,184015,2,0.965706692054425
6273,184253,2,0.9657265262406284
6274,184791,2,0.9657463604268317
6275,185135,2,0.965766194613035
6276,185585,2,0.9657860287992384
6277,187031,2,0.9658058629854417
6278,189333,2,0.965825697171645
6279,49,1,0.9658356142647467
6280,55,1,0.9658455313578483
6281,77,1,0.9658554484509501
6282,83,1,0.9658653655440518
6283,96,1,0.9658752826371534
6284,106,1,0.9658851997302551
6285,108,1,0.9658951168233567
6286,117,1,0.9659050339164584
6287,128,1,0.96591495100956
6288,129,1,0.9659248681026618
6289,137,1,0.9659347851957634
6290,148,1,0.9659447022888651
6291,149,1,0.9659546193819668
6292,178,1,0.9659645364750684
6293,189,1,0.9659744535681701
6294,201,1,0.9659843706612717
6295,202,1,0.9659942877543735
6296,219,1,0.9660042048474751
6297,220,1,0.9660141219405768
6298,241,1,0.9660240390336784
6299,243,1,0.9660339561267801
6300,254,1,0.9660438732198818
6301,263,1,0.9660537903129834
6302,284,1,0.9660637074060852
6303,285,1,0.9660736244991868
6304,287,1,0.9660835415922885
6305,295,1,0.9660934586853901
6306,298,1,0.9661033757784918
6307,301,1,0.9661132928715935
6308,310,1,0.9661232099646951
6309,311,1,0.9661331270577969
6310,320,1,0.9661430441508985
6311,324,1,0.9661529612440002
6312,336,1,0.9661628783371018
6313,359,1,0.9661727954302035
6314,385,1,0.9661827125233051
6315,386,1,0.9661926296164068
6316,391,1,0.9662025467095086
6317,406,1,0.9662124638026102
6318,409,1,0.9662223808957119
6319,449,1,0.9662322979888135
6320,451,1,0.9662422150819152
6321,467,1,0.9662521321750168
6322,470,1,0.9662620492681185
6323,476,1,0.9662719663612201
6324,478,1,0.9662818834543219
6325,488,1,0.9662918005474236
6326,495,1,0.9663017176405252
6327,496,1,0.9663116347336269
6328,510,1,0.9663215518267285
6329,526,1,0.9663314689198302
6330,563,1,0.9663413860129318
6331,573,1,0.9663513031060336
6332,579,1,0.9663612201991353
6333,583,1,0.9663711372922369
6334,600,1,0.9663810543853386
6335,602,1,0.9663909714784402
6336,615,1,0.9664008885715419
6337,618,1,0.9664108056646435
6338,626,1,0.9664207227577453
6339,632,1,0.9664306398508469
6340,633,1,0.9664405569439486
6341,636,1,0.9664504740370503
6342,638,1,0.9664603911301519
6343,649,1,0.9664703082232536
6344,679,1,0.9664802253163552
6345,698,1,0.966490142409457
6346,706,1,0.9665000595025586
6347,722,1,0.9665099765956603
6348,726,1,0.9665198936887619
6349,757,1,0.9665298107818636
6350,773,1,0.9665397278749653
6351,775,1,0.966549644968067
6352,790,1,0.9665595620611687
6353,791,1,0.9665694791542703
6354,803,1,0.966579396247372
6355,806,1,0.9665893133404736
6356,823,1,0.9665992304335753
6357,824,1,0.9666091475266769
6358,875,1,0.9666190646197786
6359,876,1,0.9666289817128804
6360,882,1,0.966638898805982
6361,889,1,0.9666488158990837
6362,929,1,0.9666587329921853
6363,956,1,0.966668650085287
6364,959,1,0.9666785671783886
6365,961,1,0.9666884842714903
6366,963,1,0.9666984013645921
6367,970,1,0.9667083184576937
6368,976,1,0.9667182355507954
6369,979,1,0.966728152643897
6370,982,1,0.9667380697369987
6371,987,1,0.9667479868301003
6372,993,1,0.966757903923202
6373,1008,1,0.9667678210163037
6374,1040,1,0.9667777381094054
6375,1053,1,0.9667876552025071
6376,1054,1,0.9667975722956087
6377,1068,1,0.9668074893887104
6378,1114,1,0.966817406481812
6379,1116,1,0.9668273235749137
6380,1117,1,0.9668372406680154
6381,1119,1,0.9668471577611171
6382,1121,1,0.9668570748542187
6383,1137,1,0.9668669919473204
6384,1140,1,0.9668769090404221
6385,1144,1,0.9668868261335237
6386,1156,1,0.9668967432266254
6387,1162,1,0.966906660319727
6388,1163,1,0.9669165774128288
6389,1180,1,0.9669264945059304
6390,1310,1,0.9669364115990321
6391,1318,1,0.9669463286921338
6392,1331,1,0.9669562457852354
6393,1335,1,0.9669661628783371
6394,1336,1,0.9669760799714388
6395,1337,1,0.9669859970645405
6396,1349,1,0.9669959141576421
6397,1398,1,0.9670058312507438
6398,1412,1,0.9670157483438454
6399,1423,1,0.9670256654369471
6400,1426,1,0.9670355825300488
6401,1427,1,0.9670454996231505
6402,1456,1,0.9670554167162522
6403,1458,1,0.9670653338093538
6404,1473,1,0.9670752509024555
6405,1475,1,0.9670851679955571
6406,1477,1,0.9670950850886588
6407,1493,1,0.9671050021817604
6408,1496,1,0.9671149192748622
6409,1507,1,0.9671248363679639
6410,1514,1,0.9671347534610655
6411,1516,1,0.9671446705541672
6412,1519,1,0.9671545876472688
6413,1546,1,0.9671645047403705
6414,1549,1,0.9671744218334721
6415,1565,1,0.9671843389265738
6416,1574,1,0.9671942560196755
6417,1585,1,0.9672041731127772
6418,1613,1,0.9672140902058789
6419,1631,1,0.9672240072989805
6420,1652,1,0.9672339243920822
6421,1654,1,0.9672438414851838
6422,1655,1,0.9672537585782855
6423,1656,1,0.9672636756713872
6424,1659,1,0.9672735927644889
6425,1660,1,0.9672835098575906
6426,1661,1,0.9672934269506922
6427,1671,1,0.9673033440437939
6428,1675,1,0.9673132611368955
6429,1677,1,0.9673231782299972
6430,1679,1,0.9673330953230989
6431,1685,1,0.9673430124162006
6432,1739,1,0.9673529295093022
6433,1746,1,0.9673628466024039
6434,1757,1,0.9673727636955056
6435,1759,1,0.9673826807886072
6436,1771,1,0.967392597881709
6437,1794,1,0.9674025149748106
6438,1807,1,0.9674124320679123
6439,1824,1,0.9674223491610139
6440,1825,1,0.9674322662541156
6441,1826,1,0.9674421833472172
6442,1839,1,0.9674521004403189
6443,1841,1,0.9674620175334206
6444,1857,1,0.9674719346265223
6445,1867,1,0.967481851719624
6446,1870,1,0.9674917688127256
6447,1891,1,0.9675016859058273
6448,1893,1,0.9675116029989289
6449,1900,1,0.9675215200920306
6450,1902,1,0.9675314371851323
6451,1926,1,0.967541354278234
6452,1928,1,0.9675512713713357
6453,1932,1,0.9675611884644373
6454,1933,1,0.967571105557539
6455,1940,1,0.9675810226506406
6456,1980,1,0.9675909397437423
6457,1985,1,0.9676008568368439
6458,1990,1,0.9676107739299457
6459,2008,1,0.9676206910230474
6460,2032,1,0.967630608116149
6461,2037,1,0.9676405252092507
6462,2055,1,0.9676504423023523
6463,2056,1,0.967660359395454
6464,2075,1,0.9676702764885556
6465,2104,1,0.9676801935816574
6466,2156,1,0.967690110674759
6467,2164,1,0.9677000277678607
6468,2172,1,0.9677099448609624
6469,2175,1,0.967719861954064
6470,2179,1,0.9677297790471657
6471,2180,1,0.9677396961402673
6472,2190,1,0.967749613233369
6473,2196,1,0.9677595303264707
6474,2207,1,0.9677694474195724
6475,2211,1,0.967779364512674
6476,2226,1,0.9677892816057757
6477,2257,1,0.9677991986988774
6478,2281,1,0.967809115791979
6479,2286,1,0.9678190328850808
6480,2292,1,0.9678289499781824
6481,2298,1,0.9678388670712841
6482,2304,1,0.9678487841643857
6483,2307,1,0.9678587012574874
6484,2339,1,0.9678686183505891
6485,2358,1,0.9678785354436907
6486,2362,1,0.9678884525367925
6487,2368,1,0.9678983696298941
6488,2370,1,0.9679082867229958
6489,2388,1,0.9679182038160974
6490,2415,1,0.9679281209091991
6491,2417,1,0.9679380380023007
6492,2435,1,0.9679479550954024
6493,2451,1,0.9679578721885042
6494,2462,1,0.9679677892816058
6495,2481,1,0.9679777063747075
6496,2483,1,0.9679876234678091
6497,2493,1,0.9679975405609108
6498,2503,1,0.9680074576540124
6499,2512,1,0.9680173747471141
6500,2516,1,0.9680272918402157
6501,2538,1,0.9680372089333175
6502,2544,1,0.9680471260264192
6503,2557,1,0.9680570431195208
6504,2559,1,0.9680669602126225
6505,2573,1,0.9680768773057241
6506,2577,1,0.9680867943988258
6507,2589,1,0.9680967114919274
6508,2590,1,0.9681066285850292
6509,2609,1,0.9681165456781309
6510,2611,1,0.9681264627712325
6511,2612,1,0.9681363798643342
6512,2620,1,0.9681462969574358
6513,2623,1,0.9681562140505375
6514,2632,1,0.9681661311436391
6515,2651,1,0.9681760482367409
6516,2652,1,0.9681859653298425
6517,2655,1,0.9681958824229442
6518,2656,1,0.9682057995160459
6519,2659,1,0.9682157166091475
6520,2661,1,0.9682256337022492
6521,2665,1,0.9682355507953508
6522,2695,1,0.9682454678884526
6523,2697,1,0.9682553849815542
6524,2698,1,0.9682653020746559
6525,2725,1,0.9682752191677575
6526,2727,1,0.9682851362608592
6527,2737,1,0.9682950533539609
6528,2738,1,0.9683049704470625
6529,2740,1,0.9683148875401643
6530,2742,1,0.9683248046332659
6531,2743,1,0.9683347217263676
6532,2744,1,0.9683446388194692
6533,2751,1,0.9683545559125709
6534,2754,1,0.9683644730056726
6535,2757,1,0.9683743900987742
6536,2765,1,0.968384307191876
6537,2774,1,0.9683942242849776
6538,2775,1,0.9684041413780793
6539,2800,1,0.9684140584711809
6540,2801,1,0.9684239755642826
6541,2812,1,0.9684338926573842
6542,2813,1,0.9684438097504859
6543,2820,1,0.9684537268435877
6544,2824,1,0.9684636439366893
6545,2835,1,0.968473561029791
6546,2837,1,0.9684834781228926
6547,2839,1,0.9684933952159943
6548,2848,1,0.9685033123090959
6549,2852,1,0.9685132294021976
6550,2856,1,0.9685231464952992
6551,2862,1,0.968533063588401
6552,2865,1,0.9685429806815027
6553,2876,1,0.9685528977746043
6554,2884,1,0.968562814867706
6555,2885,1,0.9685727319608076
6556,2887,1,0.9685826490539093
6557,2892,1,0.968592566147011
6558,2893,1,0.9686024832401127
6559,2894,1,0.9686124003332143
6560,2896,1,0.968622317426316
6561,2897,1,0.9686322345194177
6562,2898,1,0.9686421516125193
6563,2930,1,0.968652068705621
6564,2964,1,0.9686619857987226
6565,2965,1,0.9686719028918244
6566,2969,1,0.968681819984926
6567,2972,1,0.9686917370780277
6568,2974,1,0.9687016541711294
6569,2975,1,0.968711571264231
6570,2979,1,0.9687214883573327
6571,2982,1,0.9687314054504343
6572,2983,1,0.9687413225435361
6573,2984,1,0.9687512396366377
6574,2992,1,0.9687611567297394
6575,3002,1,0.968771073822841
6576,3008,1,0.9687809909159427
6577,3010,1,0.9687909080090444
6578,3013,1,0.968800825102146
6579,3014,1,0.9688107421952478
6580,3021,1,0.9688206592883494
6581,3043,1,0.9688305763814511
6582,3056,1,0.9688404934745527
6583,3057,1,0.9688504105676544
6584,3073,1,0.968860327660756
6585,3086,1,0.9688702447538577
6586,3096,1,0.9688801618469595
6587,3106,1,0.9688900789400611
6588,3112,1,0.9688999960331628
6589,3125,1,0.9689099131262644
6590,3132,1,0.9689198302193661
6591,3143,1,0.9689297473124677
6592,3162,1,0.9689396644055694
6593,3171,1,0.9689495814986712
6594,3183,1,0.9689594985917728
6595,3192,1,0.9689694156848745
6596,3276,1,0.9689793327779761
6597,3280,1,0.9689892498710778
6598,3281,1,0.9689991669641794
6599,3284,1,0.9690090840572811
6600,3289,1,0.9690190011503828
6601,3294,1,0.9690289182434845
6602,3295,1,0.9690388353365862
6603,3303,1,0.9690487524296878
6604,3315,1,0.9690586695227895
6605,3323,1,0.9690685866158911
6606,3329,1,0.9690785037089928
6607,3331,1,0.9690884208020945
6608,3344,1,0.9690983378951962
6609,3345,1,0.9691082549882978
6610,3353,1,0.9691181720813995
6611,3357,1,0.9691280891745012
6612,3374,1,0.9691380062676028
6613,3378,1,0.9691479233607045
6614,3379,1,0.9691578404538062
6615,3389,1,0.9691677575469079
6616,3390,1,0.9691776746400095
6617,3400,1,0.9691875917331112
6618,3403,1,0.9691975088262128
6619,3405,1,0.9692074259193145
6620,3410,1,0.9692173430124162
6621,3414,1,0.9692272601055179
6622,3417,1,0.9692371771986196
6623,3428,1,0.9692470942917212
6624,3433,1,0.9692570113848229
6625,3434,1,0.9692669284779245
6626,3442,1,0.9692768455710262
6627,3449,1,0.9692867626641279
6628,3455,1,0.9692966797572296
6629,3459,1,0.9693065968503313
6630,3474,1,0.9693165139434329
6631,3492,1,0.9693264310365346
6632,3496,1,0.9693363481296362
6633,3514,1,0.9693462652227379
6634,3531,1,0.9693561823158395
6635,3567,1,0.9693660994089413
6636,3568,1,0.969376016502043
6637,3574,1,0.9693859335951446
6638,3586,1,0.9693958506882463
6639,3590,1,0.9694057677813479
6640,3592,1,0.9694156848744496
6641,3596,1,0.9694256019675512
6642,3604,1,0.969435519060653
6643,3609,1,0.9694454361537546
6644,3619,1,0.9694553532468563
6645,3622,1,0.969465270339958
6646,3625,1,0.9694751874330596
6647,3634,1,0.9694851045261613
6648,3637,1,0.9694950216192629
6649,3640,1,0.9695049387123647
6650,3648,1,0.9695148558054663
6651,3652,1,0.969524772898568
6652,3658,1,0.9695346899916697
6653,3661,1,0.9695446070847713
6654,3663,1,0.969554524177873
6655,3664,1,0.9695644412709746
6656,3667,1,0.9695743583640763
6657,3669,1,0.969584275457178
6658,3674,1,0.9695941925502797
6659,3678,1,0.9696041096433813
6660,3680,1,0.969614026736483
6661,3687,1,0.9696239438295847
6662,3691,1,0.9696338609226863
6663,3692,1,0.969643778015788
6664,3700,1,0.9696536951088897
6665,3709,1,0.9696636122019914
6666,3711,1,0.969673529295093
6667,3713,1,0.9696834463881947
6668,3714,1,0.9696933634812963
6669,3716,1,0.969703280574398
6670,3720,1,0.9697131976674997
6671,3731,1,0.9697231147606014
6672,3736,1,0.9697330318537031
6673,3737,1,0.9697429489468047
6674,3739,1,0.9697528660399064
6675,3756,1,0.969762783133008
6676,3761,1,0.9697727002261097
6677,3789,1,0.9697826173192113
6678,3792,1,0.9697925344123131
6679,3795,1,0.9698024515054148
6680,3806,1,0.9698123685985164
6681,3807,1,0.9698222856916181
6682,3808,1,0.9698322027847197
6683,3816,1,0.9698421198778214
6684,3832,1,0.969852036970923
6685,3838,1,0.9698619540640248
6686,3845,1,0.9698718711571265
6687,3847,1,0.9698817882502281
6688,3851,1,0.9698917053433298
6689,3857,1,0.9699016224364314
6690,3870,1,0.9699115395295331
6691,3872,1,0.9699214566226347
6692,3888,1,0.9699313737157365
6693,3894,1,0.9699412908088381
6694,3895,1,0.9699512079019398
6695,3899,1,0.9699611249950415
6696,3900,1,0.9699710420881431
6697,3914,1,0.9699809591812448
6698,3919,1,0.9699908762743464
6699,3920,1,0.9700007933674482
6700,3922,1,0.9700107104605498
6701,3926,1,0.9700206275536515
6702,3933,1,0.9700305446467531
6703,3939,1,0.9700404617398548
6704,3940,1,0.9700503788329565
6705,3941,1,0.9700602959260581
6706,3942,1,0.9700702130191599
6707,3945,1,0.9700801301122615
6708,3951,1,0.9700900472053632
6709,3958,1,0.9700999642984648
6710,3962,1,0.9701098813915665
6711,3965,1,0.9701197984846682
6712,3974,1,0.9701297155777698
6713,4032,1,0.9701396326708716
6714,4046,1,0.9701495497639732
6715,4051,1,0.9701594668570749
6716,4064,1,0.9701693839501765
6717,4065,1,0.9701793010432782
6718,4074,1,0.9701892181363798
6719,4078,1,0.9701991352294815
6720,4083,1,0.9702090523225833
6721,4089,1,0.9702189694156849
6722,4093,1,0.9702288865087866
6723,4110,1,0.9702388036018882
6724,4111,1,0.9702487206949899
6725,4115,1,0.9702586377880915
6726,4116,1,0.9702685548811932
6727,4123,1,0.9702784719742948
6728,4129,1,0.9702883890673966
6729,4135,1,0.9702983061604983
6730,4139,1,0.9703082232535999
6731,4143,1,0.9703181403467016
6732,4156,1,0.9703280574398032
6733,4157,1,0.9703379745329049
6734,4171,1,0.9703478916260065
6735,4174,1,0.9703578087191083
6736,4180,1,0.97036772581221
6737,4181,1,0.9703776429053116
6738,4184,1,0.9703875599984133
6739,4189,1,0.9703974770915149
6740,4197,1,0.9704073941846166
6741,4198,1,0.9704173112777182
6742,4202,1,0.97042722837082
6743,4204,1,0.9704371454639216
6744,4212,1,0.9704470625570233
6745,4218,1,0.970456979650125
6746,4236,1,0.9704668967432266
6747,4237,1,0.9704768138363283
6748,4240,1,0.9704867309294299
6749,4242,1,0.9704966480225317
6750,4243,1,0.9705065651156333
6751,4251,1,0.970516482208735
6752,4260,1,0.9705263993018366
6753,4282,1,0.9705363163949383
6754,4284,1,0.97054623348804
6755,4290,1,0.9705561505811416
6756,4307,1,0.9705660676742434
6757,4323,1,0.970575984767345
6758,4325,1,0.9705859018604467
6759,4338,1,0.9705958189535483
6760,4342,1,0.97060573604665
6761,4353,1,0.9706156531397516
6762,4354,1,0.9706255702328533
6763,4357,1,0.9706354873259551
6764,4371,1,0.9706454044190567
6765,4374,1,0.9706553215121584
6766,4384,1,0.97066523860526
6767,4393,1,0.9706751556983617
6768,4394,1,0.9706850727914633
6769,4395,1,0.970694989884565
6770,4402,1,0.9707049069776668
6771,4404,1,0.9707148240707684
6772,4407,1,0.9707247411638701
6773,4408,1,0.9707346582569717
6774,4410,1,0.9707445753500734
6775,4420,1,0.970754492443175
6776,4434,1,0.9707644095362767
6777,4436,1,0.9707743266293783
6778,4445,1,0.9707842437224801
6779,4449,1,0.9707941608155818
6780,4451,1,0.9708040779086834
6781,4453,1,0.9708139950017851
6782,4454,1,0.9708239120948867
6783,4458,1,0.9708338291879884
6784,4459,1,0.97084374628109
6785,4463,1,0.9708536633741918
6786,4473,1,0.9708635804672934
6787,4475,1,0.9708734975603951
6788,4490,1,0.9708834146534968
6789,4495,1,0.9708933317465984
6790,4496,1,0.9709032488397001
6791,4497,1,0.9709131659328017
6792,4500,1,0.9709230830259035
6793,4504,1,0.9709330001190051
6794,4505,1,0.9709429172121068
6795,4511,1,0.9709528343052085
6796,4521,1,0.9709627513983101
6797,4522,1,0.9709726684914118
6798,4524,1,0.9709825855845134
6799,4557,1,0.9709925026776152
6800,4562,1,0.9710024197707168
6801,4568,1,0.9710123368638185
6802,4573,1,0.9710222539569201
6803,4581,1,0.9710321710500218
6804,4583,1,0.9710420881431235
6805,4584,1,0.9710520052362251
6806,4594,1,0.9710619223293269
6807,4595,1,0.9710718394224285
6808,4597,1,0.9710817565155302
6809,4603,1,0.9710916736086318
6810,4610,1,0.9711015907017335
6811,4611,1,0.9711115077948351
6812,4612,1,0.9711214248879368
6813,4613,1,0.9711313419810386
6814,4614,1,0.9711412590741402
6815,4615,1,0.9711511761672419
6816,4630,1,0.9711610932603435
6817,4635,1,0.9711710103534452
6818,4645,1,0.9711809274465468
6819,4646,1,0.9711908445396485
6820,4653,1,0.9712007616327502
6821,4658,1,0.9712106787258519
6822,4660,1,0.9712205958189536
6823,4666,1,0.9712305129120552
6824,4670,1,0.9712404300051569
6825,4671,1,0.9712503470982585
6826,4675,1,0.9712602641913602
6827,4687,1,0.9712701812844619
6828,4689,1,0.9712800983775636
6829,4695,1,0.9712900154706653
6830,4704,1,0.9712999325637669
6831,4705,1,0.9713098496568686
6832,4710,1,0.9713197667499702
6833,4715,1,0.971329683843072
6834,4717,1,0.9713396009361736
6835,4722,1,0.9713495180292753
6836,4740,1,0.9713594351223769
6837,4750,1,0.9713693522154786
6838,4759,1,0.9713792693085803
6839,4766,1,0.9713891864016819
6840,4769,1,0.9713991034947836
6841,4772,1,0.9714090205878853
6842,4775,1,0.971418937680987
6843,4777,1,0.9714288547740886
6844,4783,1,0.9714387718671903
6845,4785,1,0.9714486889602919
6846,4786,1,0.9714586060533936
6847,4788,1,0.9714685231464953
6848,4798,1,0.971478440239597
6849,4800,1,0.9714883573326987
6850,4804,1,0.9714982744258003
6851,4810,1,0.971508191518902
6852,4813,1,0.9715181086120036
6853,4818,1,0.9715280257051053
6854,4825,1,0.971537942798207
6855,4827,1,0.9715478598913087
6856,4828,1,0.9715577769844104
6857,4830,1,0.971567694077512
6858,4831,1,0.9715776111706137
6859,4840,1,0.9715875282637153
6860,4860,1,0.971597445356817
6861,4864,1,0.9716073624499186
6862,4871,1,0.9716172795430204
6863,4877,1,0.9716271966361221
6864,4879,1,0.9716371137292237
6865,4883,1,0.9716470308223254
6866,4885,1,0.971656947915427
6867,4917,1,0.9716668650085287
6868,4925,1,0.9716767821016303
6869,4926,1,0.971686699194732
6870,4927,1,0.9716966162878337
6871,4932,1,0.9717065333809354
6872,4939,1,0.9717164504740371
6873,4942,1,0.9717263675671387
6874,4945,1,0.9717362846602404
6875,4946,1,0.971746201753342
6876,4952,1,0.9717561188464438
6877,4953,1,0.9717660359395454
6878,4961,1,0.9717759530326471
6879,4962,1,0.9717858701257487
6880,4964,1,0.9717957872188504
6881,4966,1,0.9718057043119521
6882,4970,1,0.9718156214050537
6883,4981,1,0.9718255384981555
6884,4988,1,0.9718354555912571
6885,4998,1,0.9718453726843588
6886,5007,1,0.9718552897774604
6887,5012,1,0.9718652068705621
6888,5028,1,0.9718751239636638
6889,5041,1,0.9718850410567654
6890,5053,1,0.9718949581498671
6891,5054,1,0.9719048752429688
6892,5059,1,0.9719147923360705
6893,5063,1,0.9719247094291721
6894,5068,1,0.9719346265222738
6895,5071,1,0.9719445436153754
6896,5077,1,0.9719544607084771
6897,5088,1,0.9719643778015788
6898,5095,1,0.9719742948946805
6899,5105,1,0.9719842119877822
6900,5109,1,0.9719941290808838
6901,5111,1,0.9720040461739855
6902,5112,1,0.9720139632670871
6903,5114,1,0.9720238803601888
6904,5116,1,0.9720337974532904
6905,5121,1,0.9720437145463922
6906,5155,1,0.9720536316394939
6907,5156,1,0.9720635487325955
6908,5168,1,0.9720734658256972
6909,5178,1,0.9720833829187988
6910,5189,1,0.9720933000119005
6911,5197,1,0.9721032171050021
6912,5198,1,0.9721131341981039
6913,5209,1,0.9721230512912056
6914,5212,1,0.9721329683843072
6915,5213,1,0.9721428854774089
6916,5221,1,0.9721528025705105
6917,5231,1,0.9721627196636122
6918,5237,1,0.9721726367567138
6919,5239,1,0.9721825538498156
6920,5240,1,0.9721924709429172
6921,5241,1,0.9722023880360189
6922,5244,1,0.9722123051291206
6923,5268,1,0.9722222222222222
6924,5269,1,0.9722321393153239
6925,5272,1,0.9722420564084255
6926,5275,1,0.9722519735015273
6927,5278,1,0.9722618905946289
6928,5284,1,0.9722718076877306
6929,5285,1,0.9722817247808322
6930,5300,1,0.9722916418739339
6931,5307,1,0.9723015589670356
6932,5311,1,0.9723114760601372
6933,5321,1,0.972321393153239
6934,5322,1,0.9723313102463406
6935,5328,1,0.9723412273394423
6936,5338,1,0.9723511444325439
6937,5345,1,0.9723610615256456
6938,5348,1,0.9723709786187473
6939,5353,1,0.9723808957118489
6940,5356,1,0.9723908128049507
6941,5358,1,0.9724007298980523
6942,5365,1,0.972410646991154
6943,5372,1,0.9724205640842556
6944,5373,1,0.9724304811773573
6945,5375,1,0.9724403982704589
6946,5384,1,0.9724503153635606
6947,5385,1,0.9724602324566624
6948,5390,1,0.972470149549764
6949,5416,1,0.9724800666428657
6950,5422,1,0.9724899837359673
6951,5424,1,0.972499900829069
6952,5435,1,0.9725098179221706
6953,5440,1,0.9725197350152723
6954,5442,1,0.9725296521083739
6955,5448,1,0.9725395692014757
6956,5455,1,0.9725494862945774
6957,5456,1,0.972559403387679
6958,5458,1,0.9725693204807807
6959,5461,1,0.9725792375738823
6960,5465,1,0.972589154666984
6961,5468,1,0.9725990717600856
6962,5489,1,0.9726089888531874
6963,5490,1,0.972618905946289
6964,5493,1,0.9726288230393907
6965,5498,1,0.9726387401324924
6966,5503,1,0.972648657225594
6967,5513,1,0.9726585743186957
6968,5515,1,0.9726684914117973
6969,5525,1,0.9726784085048991
6970,5532,1,0.9726883255980007
6971,5537,1,0.9726982426911024
6972,5550,1,0.9727081597842041
6973,5560,1,0.9727180768773057
6974,5562,1,0.9727279939704074
6975,5575,1,0.972737911063509
6976,5580,1,0.9727478281566108
6977,5581,1,0.9727577452497124
6978,5584,1,0.9727676623428141
6979,5590,1,0.9727775794359157
6980,5591,1,0.9727874965290174
6981,5596,1,0.9727974136221191
6982,5601,1,0.9728073307152207
6983,5602,1,0.9728172478083225
6984,5604,1,0.9728271649014241
6985,5607,1,0.9728370819945258
6986,5612,1,0.9728469990876274
6987,5614,1,0.9728569161807291
6988,5615,1,0.9728668332738307
6989,5629,1,0.9728767503669324
6990,5635,1,0.9728866674600342
6991,5638,1,0.9728965845531358
6992,5640,1,0.9729065016462375
6993,5649,1,0.9729164187393391
6994,5651,1,0.9729263358324408
6995,5657,1,0.9729362529255424
6996,5663,1,0.9729461700186441
6997,5664,1,0.9729560871117459
6998,5675,1,0.9729660042048475
6999,5684,1,0.9729759212979492
7000,5689,1,0.9729858383910508
7001,5699,1,0.9729957554841525
7002,5700,1,0.9730056725772541
7003,5704,1,0.9730155896703558
7004,5706,1,0.9730255067634574
7005,5720,1,0.9730354238565592
7006,5723,1,0.9730453409496609
7007,5733,1,0.9730552580427625
7008,5736,1,0.9730651751358642
7009,5741,1,0.9730750922289658
7010,5742,1,0.9730850093220675
7011,5745,1,0.9730949264151691
7012,5746,1,0.9731048435082709
7013,5749,1,0.9731147606013725
7014,5752,1,0.9731246776944742
7015,5764,1,0.9731345947875759
7016,5767,1,0.9731445118806775
7017,5768,1,0.9731544289737792
7018,5771,1,0.9731643460668808
7019,5773,1,0.9731742631599826
7020,5779,1,0.9731841802530842
7021,5780,1,0.9731940973461859
7022,5786,1,0.9732040144392875
7023,5787,1,0.9732139315323892
7024,5797,1,0.9732238486254909
7025,5799,1,0.9732337657185925
7026,5801,1,0.9732436828116943
7027,5802,1,0.9732535999047959
7028,5817,1,0.9732635169978976
7029,5818,1,0.9732734340909992
7030,5826,1,0.9732833511841009
7031,5828,1,0.9732932682772026
7032,5829,1,0.9733031853703042
7033,5836,1,0.973313102463406
7034,5838,1,0.9733230195565076
7035,5839,1,0.9733329366496093
7036,5840,1,0.9733428537427109
7037,5847,1,0.9733527708358126
7038,5849,1,0.9733626879289142
7039,5856,1,0.973372605022016
7040,5863,1,0.9733825221151177
7041,5875,1,0.9733924392082193
7042,5883,1,0.973402356301321
7043,5884,1,0.9734122733944226
7044,5888,1,0.9734221904875243
7045,5889,1,0.9734321075806259
7046,5896,1,0.9734420246737276
7047,5901,1,0.9734519417668293
7048,5912,1,0.973461858859931
7049,5922,1,0.9734717759530327
7050,5927,1,0.9734816930461343
7051,5929,1,0.973491610139236
7052,5947,1,0.9735015272323376
7053,5953,1,0.9735114443254393
7054,5961,1,0.973521361418541
7055,5962,1,0.9735312785116427
7056,5968,1,0.9735411956047444
7057,5969,1,0.973551112697846
7058,5974,1,0.9735610297909477
7059,5975,1,0.9735709468840493
7060,5979,1,0.973580863977151
7061,5986,1,0.9735907810702527
7062,5990,1,0.9736006981633544
7063,6009,1,0.973610615256456
7064,6020,1,0.9736205323495577
7065,6021,1,0.9736304494426594
7066,6030,1,0.973640366535761
7067,6033,1,0.9736502836288627
7068,6036,1,0.9736602007219644
7069,6042,1,0.9736701178150661
7070,6044,1,0.9736800349081677
7071,6049,1,0.9736899520012694
7072,6057,1,0.973699869094371
7073,6064,1,0.9737097861874727
7074,6067,1,0.9737197032805744
7075,6070,1,0.973729620373676
7076,6086,1,0.9737395374667778
7077,6090,1,0.9737494545598794
7078,6095,1,0.9737593716529811
7079,6101,1,0.9737692887460827
7080,6107,1,0.9737792058391844
7081,6111,1,0.973789122932286
7082,6119,1,0.9737990400253878
7083,6123,1,0.9738089571184895
7084,6125,1,0.9738188742115911
7085,6141,1,0.9738287913046928
7086,6145,1,0.9738387083977944
7087,6158,1,0.9738486254908961
7088,6163,1,0.9738585425839977
7089,6178,1,0.9738684596770995
7090,6181,1,0.9738783767702012
7091,6182,1,0.9738882938633028
7092,6186,1,0.9738982109564045
7093,6192,1,0.9739081280495061
7094,6201,1,0.9739180451426078
7095,6202,1,0.9739279622357094
7096,6204,1,0.9739378793288112
7097,6210,1,0.9739477964219128
7098,6222,1,0.9739577135150145
7099,6225,1,0.9739676306081162
7100,6228,1,0.9739775477012178
7101,6232,1,0.9739874647943195
7102,6234,1,0.9739973818874211
7103,6237,1,0.9740072989805229
7104,6241,1,0.9740172160736245
7105,6245,1,0.9740271331667262
7106,6246,1,0.9740370502598278
7107,6251,1,0.9740469673529295
7108,6267,1,0.9740568844460312
7109,6271,1,0.9740668015391328
7110,6273,1,0.9740767186322346
7111,6279,1,0.9740866357253362
7112,6285,1,0.9740965528184379
7113,6289,1,0.9741064699115395
7114,6295,1,0.9741163870046412
7115,6302,1,0.9741263040977429
7116,6310,1,0.9741362211908445
7117,6316,1,0.9741461382839463
7118,6329,1,0.9741560553770479
7119,6336,1,0.9741659724701496
7120,6342,1,0.9741758895632512
7121,6344,1,0.9741858066563529
7122,6347,1,0.9741957237494545
7123,6358,1,0.9742056408425562
7124,6371,1,0.974215557935658
7125,6382,1,0.9742254750287596
7126,6386,1,0.9742353921218613
7127,6390,1,0.9742453092149629
7128,6395,1,0.9742552263080646
7129,6400,1,0.9742651434011662
7130,6402,1,0.9742750604942679
7131,6407,1,0.9742849775873695
7132,6408,1,0.9742948946804713
7133,6415,1,0.974304811773573
7134,6417,1,0.9743147288666746
7135,6422,1,0.9743246459597763
7136,6424,1,0.9743345630528779
7137,6427,1,0.9743444801459796
7138,6429,1,0.9743543972390812
7139,6434,1,0.974364314332183
7140,6449,1,0.9743742314252847
7141,6452,1,0.9743841485183863
7142,6453,1,0.974394065611488
7143,6454,1,0.9744039827045896
7144,6465,1,0.9744138997976913
7145,6476,1,0.9744238168907929
7146,6477,1,0.9744337339838947
7147,6480,1,0.9744436510769963
7148,6493,1,0.974453568170098
7149,6506,1,0.9744634852631997
7150,6510,1,0.9744734023563013
7151,6514,1,0.974483319449403
7152,6515,1,0.9744932365425046
7153,6516,1,0.9745031536356064
7154,6527,1,0.974513070728708
7155,6528,1,0.9745229878218097
7156,6533,1,0.9745329049149113
7157,6542,1,0.974542822008013
7158,6545,1,0.9745527391011147
7159,6551,1,0.9745626561942163
7160,6553,1,0.9745725732873181
7161,6557,1,0.9745824903804197
7162,6560,1,0.9745924074735214
7163,6561,1,0.974602324566623
7164,6563,1,0.9746122416597247
7165,6571,1,0.9746221587528263
7166,6573,1,0.974632075845928
7167,6574,1,0.9746419929390298
7168,6578,1,0.9746519100321314
7169,6583,1,0.9746618271252331
7170,6587,1,0.9746717442183347
7171,6588,1,0.9746816613114364
7172,6592,1,0.974691578404538
7173,6596,1,0.9747014954976397
7174,6597,1,0.9747114125907415
7175,6598,1,0.9747213296838431
7176,6603,1,0.9747312467769448
7177,6604,1,0.9747411638700464
7178,6609,1,0.9747510809631481
7179,6611,1,0.9747609980562497
7180,6628,1,0.9747709151493514
7181,6644,1,0.974780832242453
7182,6654,1,0.9747907493355548
7183,6656,1,0.9748006664286565
7184,6660,1,0.9748105835217581
7185,6665,1,0.9748205006148598
7186,6667,1,0.9748304177079614
7187,6671,1,0.9748403348010631
7188,6678,1,0.9748502518941647
7189,6679,1,0.9748601689872665
7190,6688,1,0.9748700860803681
7191,6689,1,0.9748800031734698
7192,6691,1,0.9748899202665715
7193,6692,1,0.9748998373596731
7194,6696,1,0.9749097544527748
7195,6699,1,0.9749196715458764
7196,6705,1,0.9749295886389782
7197,6706,1,0.9749395057320798
7198,6715,1,0.9749494228251815
7199,6718,1,0.9749593399182832
7200,6722,1,0.9749692570113848
7201,6746,1,0.9749791741044865
7202,6748,1,0.9749890911975881
7203,6751,1,0.9749990082906899
7204,6752,1,0.9750089253837915
7205,6768,1,0.9750188424768932
7206,6769,1,0.9750287595699948
7207,6772,1,0.9750386766630965
7208,6775,1,0.9750485937561982
7209,6782,1,0.9750585108492998
7210,6788,1,0.9750684279424016
7211,6789,1,0.9750783450355032
7212,6797,1,0.9750882621286049
7213,6803,1,0.9750981792217065
7214,6804,1,0.9751080963148082
7215,6809,1,0.9751180134079098
7216,6814,1,0.9751279305010115
7217,6816,1,0.9751378475941133
7218,6817,1,0.9751477646872149
7219,6821,1,0.9751576817803166
7220,6835,1,0.9751675988734182
7221,6836,1,0.9751775159665199
7222,6837,1,0.9751874330596215
7223,6853,1,0.9751973501527232
7224,6860,1,0.9752072672458248
7225,6882,1,0.9752171843389266
7226,6883,1,0.9752271014320283
7227,6886,1,0.9752370185251299
7228,6899,1,0.9752469356182316
7229,6911,1,0.9752568527113332
7230,6912,1,0.9752667698044349
7231,6927,1,0.9752766868975365
7232,6935,1,0.9752866039906383
7233,6938,1,0.97529652108374
7234,6939,1,0.9753064381768416
7235,6948,1,0.9753163552699433
7236,6949,1,0.9753262723630449
7237,6961,1,0.9753361894561466
7238,6962,1,0.9753461065492482
7239,6965,1,0.97535602364235
7240,6967,1,0.9753659407354516
7241,6969,1,0.9753758578285533
7242,6971,1,0.975385774921655
7243,6973,1,0.9753956920147566
7244,6982,1,0.9754056091078583
7245,6983,1,0.97541552620096
7246,6984,1,0.9754254432940617
7247,6986,1,0.9754353603871633
7248,6990,1,0.975445277480265
7249,6998,1,0.9754551945733666
7250,7005,1,0.9754651116664683
7251,7012,1,0.97547502875957
7252,7023,1,0.9754849458526716
7253,7031,1,0.9754948629457734
7254,7032,1,0.975504780038875
7255,7037,1,0.9755146971319767
7256,7038,1,0.9755246142250783
7257,7040,1,0.97553453131818
7258,7041,1,0.9755444484112817
7259,7047,1,0.9755543655043833
7260,7049,1,0.9755642825974851
7261,7052,1,0.9755741996905867
7262,7053,1,0.9755841167836884
7263,7055,1,0.97559403387679
7264,7057,1,0.9756039509698917
7265,7058,1,0.9756138680629933
7266,7061,1,0.975623785156095
7267,7062,1,0.9756337022491968
7268,7065,1,0.9756436193422984
7269,7070,1,0.9756535364354001
7270,7071,1,0.9756634535285017
7271,7073,1,0.9756733706216034
7272,7074,1,0.975683287714705
7273,7075,1,0.9756932048078067
7274,7083,1,0.9757031219009084
7275,7086,1,0.9757130389940101
7276,7088,1,0.9757229560871118
7277,7096,1,0.9757328731802134
7278,7103,1,0.9757427902733151
7279,7109,1,0.9757527073664167
7280,7114,1,0.9757626244595184
7281,7122,1,0.97577254155262
7282,7125,1,0.9757824586457218
7283,7127,1,0.9757923757388234
7284,7131,1,0.9758022928319251
7285,7134,1,0.9758122099250268
7286,7141,1,0.9758221270181284
7287,7165,1,0.9758320441112301
7288,7167,1,0.9758419612043318
7289,7176,1,0.9758518782974335
7290,7177,1,0.9758617953905351
7291,7178,1,0.9758717124836368
7292,7179,1,0.9758816295767385
7293,7181,1,0.9758915466698401
7294,7184,1,0.9759014637629418
7295,7190,1,0.9759113808560435
7296,7191,1,0.9759212979491452
7297,7202,1,0.9759312150422468
7298,7205,1,0.9759411321353485
7299,7211,1,0.9759510492284501
7300,7217,1,0.9759609663215518
7301,7218,1,0.9759708834146535
7302,7219,1,0.9759808005077552
7303,7223,1,0.9759907176008569
7304,7238,1,0.9760006346939585
7305,7243,1,0.9760105517870602
7306,7245,1,0.9760204688801618
7307,7248,1,0.9760303859732635
7308,7251,1,0.9760403030663651
7309,7260,1,0.9760502201594669
7310,7262,1,0.9760601372525686
7311,7264,1,0.9760700543456702
7312,7266,1,0.9760799714387719
7313,7282,1,0.9760898885318735
7314,7292,1,0.9760998056249752
7315,7302,1,0.9761097227180768
7316,7304,1,0.9761196398111786
7317,7306,1,0.9761295569042803
7318,7308,1,0.9761394739973819
7319,7312,1,0.9761493910904836
7320,7326,1,0.9761593081835852
7321,7328,1,0.9761692252766869
7322,7335,1,0.9761791423697885
7323,7336,1,0.9761890594628903
7324,7344,1,0.9761989765559919
7325,7345,1,0.9762088936490936
7326,7349,1,0.9762188107421953
7327,7357,1,0.9762287278352969
7328,7364,1,0.9762386449283986
7329,7368,1,0.9762485620215002
7330,7372,1,0.976258479114602
7331,7377,1,0.9762683962077036
7332,7390,1,0.9762783133008053
7333,7394,1,0.9762882303939069
7334,7411,1,0.9762981474870086
7335,7414,1,0.9763080645801103
7336,7443,1,0.9763179816732119
7337,7455,1,0.9763278987663137
7338,7457,1,0.9763378158594153
7339,7459,1,0.976347732952517
7340,7477,1,0.9763576500456186
7341,7479,1,0.9763675671387203
7342,7487,1,0.976377484231822
7343,7492,1,0.9763874013249236
7344,7560,1,0.9763973184180254
7345,7561,1,0.976407235511127
7346,7562,1,0.9764171526042287
7347,7572,1,0.9764270696973303
7348,7615,1,0.976436986790432
7349,7616,1,0.9764469038835336
7350,7620,1,0.9764568209766353
7351,7636,1,0.976466738069737
7352,7702,1,0.9764766551628387
7353,7704,1,0.9764865722559404
7354,7707,1,0.976496489349042
7355,7708,1,0.9765064064421437
7356,7713,1,0.9765163235352453
7357,7714,1,0.976526240628347
7358,7716,1,0.9765361577214486
7359,7727,1,0.9765460748145504
7360,7730,1,0.9765559919076521
7361,7742,1,0.9765659090007537
7362,7745,1,0.9765758260938554
7363,7749,1,0.976585743186957
7364,7772,1,0.9765956602800587
7365,7781,1,0.9766055773731603
7366,7786,1,0.9766154944662621
7367,7811,1,0.9766254115593637
7368,7815,1,0.9766353286524654
7369,7822,1,0.9766452457455671
7370,7826,1,0.9766551628386687
7371,7831,1,0.9766650799317704
7372,7832,1,0.976674997024872
7373,7833,1,0.9766849141179738
7374,7835,1,0.9766948312110754
7375,7839,1,0.9767047483041771
7376,7843,1,0.9767146653972788
7377,7879,1,0.9767245824903804
7378,7882,1,0.9767344995834821
7379,7891,1,0.9767444166765837
7380,7896,1,0.9767543337696855
7381,7899,1,0.9767642508627871
7382,7900,1,0.9767741679558888
7383,7916,1,0.9767840850489904
7384,7920,1,0.9767940021420921
7385,7924,1,0.9768039192351938
7386,7926,1,0.9768138363282954
7387,7936,1,0.9768237534213972
7388,7938,1,0.9768336705144988
7389,7939,1,0.9768435876076005
7390,7940,1,0.9768535047007021
7391,7943,1,0.9768634217938038
7392,7944,1,0.9768733388869054
7393,7951,1,0.9768832559800071
7394,7976,1,0.9768931730731089
7395,7979,1,0.9769030901662105
7396,7984,1,0.9769130072593122
7397,7986,1,0.9769229243524138
7398,7987,1,0.9769328414455155
7399,7988,1,0.9769427585386171
7400,7993,1,0.9769526756317188
7401,8010,1,0.9769625927248206
7402,8015,1,0.9769725098179222
7403,8019,1,0.9769824269110239
7404,8025,1,0.9769923440041255
7405,8043,1,0.9770022610972272
7406,8045,1,0.9770121781903288
7407,8057,1,0.9770220952834305
7408,8092,1,0.9770320123765321
7409,8093,1,0.9770419294696339
7410,8094,1,0.9770518465627356
7411,8117,1,0.9770617636558372
7412,8118,1,0.9770716807489389
7413,8125,1,0.9770815978420405
7414,8126,1,0.9770915149351422
7415,8131,1,0.9771014320282438
7416,8136,1,0.9771113491213456
7417,8137,1,0.9771212662144472
7418,8143,1,0.9771311833075489
7419,8147,1,0.9771411004006506
7420,8153,1,0.9771510174937522
7421,8158,1,0.9771609345868539
7422,8188,1,0.9771708516799555
7423,8189,1,0.9771807687730573
7424,8190,1,0.9771906858661589
7425,8191,1,0.9772006029592606
7426,8196,1,0.9772105200523622
7427,8197,1,0.9772204371454639
7428,8225,1,0.9772303542385656
7429,8232,1,0.9772402713316672
7430,8236,1,0.977250188424769
7431,8238,1,0.9772601055178706
7432,8239,1,0.9772700226109723
7433,8241,1,0.9772799397040739
7434,8264,1,0.9772898567971756
7435,8275,1,0.9772997738902773
7436,8293,1,0.9773096909833789
7437,8302,1,0.9773196080764807
7438,8331,1,0.9773295251695823
7439,8335,1,0.977339442262684
7440,8336,1,0.9773493593557856
7441,8338,1,0.9773592764488873
7442,8375,1,0.9773691935419889
7443,8378,1,0.9773791106350906
7444,8379,1,0.9773890277281924
7445,8380,1,0.977398944821294
7446,8382,1,0.9774088619143957
7447,8383,1,0.9774187790074973
7448,8385,1,0.977428696100599
7449,8391,1,0.9774386131937006
7450,8402,1,0.9774485302868023
7451,8410,1,0.977458447379904
7452,8424,1,0.9774683644730057
7453,8425,1,0.9774782815661074
7454,8426,1,0.977488198659209
7455,8427,1,0.9774981157523107
7456,8446,1,0.9775080328454123
7457,8447,1,0.977517949938514
7458,8450,1,0.9775278670316156
7459,8454,1,0.9775377841247174
7460,8456,1,0.9775477012178191
7461,8458,1,0.9775576183109207
7462,8459,1,0.9775675354040224
7463,8461,1,0.977577452497124
7464,8462,1,0.9775873695902257
7465,8463,1,0.9775972866833273
7466,8465,1,0.9776072037764291
7467,8481,1,0.9776171208695307
7468,8484,1,0.9776270379626324
7469,8494,1,0.9776369550557341
7470,8495,1,0.9776468721488357
7471,8500,1,0.9776567892419374
7472,8502,1,0.977666706335039
7473,8511,1,0.9776766234281408
7474,8512,1,0.9776865405212424
7475,8518,1,0.9776964576143441
7476,8532,1,0.9777063747074457
7477,8534,1,0.9777162918005474
7478,8535,1,0.9777262088936491
7479,8571,1,0.9777361259867507
7480,8575,1,0.9777460430798525
7481,8577,1,0.9777559601729541
7482,8580,1,0.9777658772660558
7483,8587,1,0.9777757943591574
7484,8588,1,0.9777857114522591
7485,8591,1,0.9777956285453607
7486,8593,1,0.9778055456384624
7487,8601,1,0.9778154627315642
7488,8611,1,0.9778253798246658
7489,8617,1,0.9778352969177675
7490,8626,1,0.9778452140108691
7491,8632,1,0.9778551311039708
7492,8650,1,0.9778650481970724
7493,8667,1,0.9778749652901741
7494,8670,1,0.9778848823832759
7495,8684,1,0.9778947994763775
7496,8685,1,0.9779047165694792
7497,8690,1,0.9779146336625808
7498,8711,1,0.9779245507556825
7499,8712,1,0.9779344678487841
7500,8713,1,0.9779443849418858
7501,8714,1,0.9779543020349875
7502,8720,1,0.9779642191280892
7503,8727,1,0.9779741362211909
7504,8738,1,0.9779840533142925
7505,8753,1,0.9779939704073942
7506,8754,1,0.9780038875004958
7507,8755,1,0.9780138045935975
7508,8771,1,0.9780237216866992
7509,8772,1,0.9780336387798009
7510,8773,1,0.9780435558729025
7511,8774,1,0.9780534729660042
7512,8795,1,0.9780633900591059
7513,8800,1,0.9780733071522075
7514,8804,1,0.9780832242453092
7515,8831,1,0.9780931413384109
7516,8840,1,0.9781030584315126
7517,8844,1,0.9781129755246142
7518,8875,1,0.9781228926177159
7519,8894,1,0.9781328097108176
7520,8905,1,0.9781427268039192
7521,8911,1,0.978152643897021
7522,8915,1,0.9781625609901226
7523,8918,1,0.9781724780832243
7524,8920,1,0.9781823951763259
7525,8921,1,0.9781923122694276
7526,8933,1,0.9782022293625292
7527,8934,1,0.9782121464556309
7528,8938,1,0.9782220635487326
7529,8952,1,0.9782319806418343
7530,8954,1,0.978241897734936
7531,8955,1,0.9782518148280376
7532,8964,1,0.9782617319211393
7533,8979,1,0.9782716490142409
7534,8987,1,0.9782815661073426
7535,8989,1,0.9782914832004442
7536,8998,1,0.978301400293546
7537,9004,1,0.9783113173866477
7538,9008,1,0.9783212344797493
7539,25746,1,0.978331151572851
7540,25752,1,0.9783410686659526
7541,25753,1,0.9783509857590543
7542,25757,1,0.9783609028521559
7543,25769,1,0.9783708199452577
7544,25773,1,0.9783807370383594
7545,25782,1,0.978390654131461
7546,25795,1,0.9784005712245627
7547,25797,1,0.9784104883176643
7548,25805,1,0.978420405410766
7549,25826,1,0.9784303225038676
7550,25833,1,0.9784402395969694
7551,25834,1,0.978450156690071
7552,25865,1,0.9784600737831727
7553,25870,1,0.9784699908762744
7554,25887,1,0.978479907969376
7555,25905,1,0.9784898250624777
7556,25906,1,0.9784997421555793
7557,25923,1,0.978509659248681
7558,25927,1,0.9785195763417827
7559,25940,1,0.9785294934348844
7560,25946,1,0.978539410527986
7561,25947,1,0.9785493276210877
7562,25952,1,0.9785592447141894
7563,25959,1,0.978569161807291
7564,25962,1,0.9785790789003928
7565,25963,1,0.9785889959934944
7566,25996,1,0.9785989130865961
7567,25999,1,0.9786088301796977
7568,26002,1,0.9786187472727994
7569,26003,1,0.978628664365901
7570,26038,1,0.9786385814590027
7571,26048,1,0.9786484985521045
7572,26059,1,0.9786584156452061
7573,26073,1,0.9786683327383078
7574,26078,1,0.9786782498314094
7575,26095,1,0.9786881669245111
7576,26122,1,0.9786980840176127
7577,26124,1,0.9787080011107144
7578,26142,1,0.9787179182038162
7579,26147,1,0.9787278352969178
7580,26150,1,0.9787377523900195
7581,26158,1,0.9787476694831211
7582,26169,1,0.9787575865762228
7583,26176,1,0.9787675036693244
7584,26195,1,0.9787774207624261
7585,26225,1,0.9787873378555277
7586,26231,1,0.9787972549486295
7587,26236,1,0.9788071720417312
7588,26237,1,0.9788170891348328
7589,26265,1,0.9788270062279345
7590,26283,1,0.9788369233210361
7591,26285,1,0.9788468404141378
7592,26303,1,0.9788567575072394
7593,26308,1,0.9788666746003412
7594,26313,1,0.9788765916934428
7595,26317,1,0.9788865087865445
7596,26344,1,0.9788964258796462
7597,26347,1,0.9789063429727478
7598,26350,1,0.9789162600658495
7599,26357,1,0.9789261771589511
7600,26359,1,0.9789360942520529
7601,26365,1,0.9789460113451545
7602,26366,1,0.9789559284382562
7603,26386,1,0.9789658455313579
7604,26391,1,0.9789757626244595
7605,26394,1,0.9789856797175612
7606,26399,1,0.9789955968106628
7607,26401,1,0.9790055139037646
7608,26429,1,0.9790154309968662
7609,26453,1,0.9790253480899679
7610,26464,1,0.9790352651830695
7611,26467,1,0.9790451822761712
7612,26472,1,0.9790550993692729
7613,26498,1,0.9790650164623745
7614,26523,1,0.9790749335554763
7615,26527,1,0.9790848506485779
7616,26539,1,0.9790947677416796
7617,26562,1,0.9791046848347812
7618,26567,1,0.9791146019278829
7619,26587,1,0.9791245190209845
7620,26590,1,0.9791344361140862
7621,26593,1,0.979144353207188
7622,26599,1,0.9791542703002896
7623,26603,1,0.9791641873933913
7624,26622,1,0.9791741044864929
7625,26630,1,0.9791840215795946
7626,26645,1,0.9791939386726962
7627,26676,1,0.9792038557657979
7628,26693,1,0.9792137728588995
7629,26694,1,0.9792236899520013
7630,26695,1,0.979233607045103
7631,26696,1,0.9792435241382046
7632,26701,1,0.9792534412313063
7633,26713,1,0.9792633583244079
7634,26717,1,0.9792732754175096
7635,26726,1,0.9792831925106112
7636,26732,1,0.979293109603713
7637,26736,1,0.9793030266968147
7638,26741,1,0.9793129437899163
7639,26743,1,0.979322860883018
7640,26745,1,0.9793327779761196
7641,26761,1,0.9793426950692213
7642,26777,1,0.9793526121623229
7643,26782,1,0.9793625292554247
7644,26791,1,0.9793724463485263
7645,26796,1,0.979382363441628
7646,26797,1,0.9793922805347297
7647,26819,1,0.9794021976278313
7648,26828,1,0.979412114720933
7649,26838,1,0.9794220318140346
7650,26840,1,0.9794319489071364
7651,26849,1,0.979441866000238
7652,26854,1,0.9794517830933397
7653,26861,1,0.9794617001864413
7654,26875,1,0.979471617279543
7655,26887,1,0.9794815343726447
7656,26900,1,0.9794914514657463
7657,26901,1,0.9795013685588481
7658,26913,1,0.9795112856519497
7659,26928,1,0.9795212027450514
7660,26940,1,0.979531119838153
7661,26947,1,0.9795410369312547
7662,26958,1,0.9795509540243564
7663,26985,1,0.979560871117458
7664,27002,1,0.9795707882105598
7665,27003,1,0.9795807053036614
7666,27006,1,0.9795906223967631
7667,27008,1,0.9796005394898647
7668,27022,1,0.9796104565829664
7669,27036,1,0.979620373676068
7670,27074,1,0.9796302907691697
7671,27075,1,0.9796402078622715
7672,27105,1,0.9796501249553731
7673,27124,1,0.9796600420484748
7674,27134,1,0.9796699591415764
7675,27140,1,0.9796798762346781
7676,27155,1,0.9796897933277797
7677,27176,1,0.9796997104208814
7678,27178,1,0.979709627513983
7679,27246,1,0.9797195446070848
7680,27255,1,0.9797294617001865
7681,27306,1,0.9797393787932881
7682,27320,1,0.9797492958863898
7683,27328,1,0.9797592129794914
7684,27329,1,0.9797691300725931
7685,27369,1,0.9797790471656947
7686,27370,1,0.9797889642587965
7687,27373,1,0.9797988813518981
7688,27420,1,0.9798087984449998
7689,27426,1,0.9798187155381015
7690,27450,1,0.9798286326312031
7691,27473,1,0.9798385497243048
7692,27480,1,0.9798484668174064
7693,27491,1,0.9798583839105082
7694,27513,1,0.9798683010036098
7695,27523,1,0.9798782180967115
7696,27537,1,0.9798881351898132
7697,27539,1,0.9798980522829148
7698,27549,1,0.9799079693760165
7699,27595,1,0.9799178864691181
7700,27627,1,0.9799278035622199
7701,27644,1,0.9799377206553215
7702,27667,1,0.9799476377484232
7703,27683,1,0.9799575548415248
7704,27689,1,0.9799674719346265
7705,27692,1,0.9799773890277282
7706,27695,1,0.9799873061208298
7707,27704,1,0.9799972232139316
7708,27705,1,0.9800071403070332
7709,27708,1,0.9800170574001349
7710,27716,1,0.9800269744932365
7711,27744,1,0.9800368915863382
7712,27746,1,0.9800468086794398
7713,27751,1,0.9800567257725415
7714,27762,1,0.9800666428656433
7715,27769,1,0.9800765599587449
7716,27776,1,0.9800864770518466
7717,27778,1,0.9800963941449482
7718,27784,1,0.9801063112380499
7719,27802,1,0.9801162283311515
7720,27816,1,0.9801261454242532
7721,27826,1,0.980136062517355
7722,27829,1,0.9801459796104566
7723,27830,1,0.9801558967035583
7724,27866,1,0.9801658137966599
7725,27869,1,0.9801757308897616
7726,27905,1,0.9801856479828632
7727,30818,1,0.980195565075965
7728,30890,1,0.9802054821690666
7729,30994,1,0.9802153992621683
7730,31000,1,0.98022531635527
7731,31030,1,0.9802352334483716
7732,31038,1,0.9802451505414733
7733,31049,1,0.9802550676345749
7734,31083,1,0.9802649847276766
7735,31086,1,0.9802749018207783
7736,31123,1,0.98028481891388
7737,31150,1,0.9802947360069816
7738,31162,1,0.9803046531000833
7739,31193,1,0.980314570193185
7740,31223,1,0.9803244872862866
7741,31260,1,0.9803344043793883
7742,31297,1,0.98034432147249
7743,31309,1,0.9803542385655917
7744,31367,1,0.9803641556586933
7745,31422,1,0.980374072751795
7746,31424,1,0.9803839898448967
7747,31435,1,0.9803939069379983
7748,31522,1,0.9804038240311
7749,31545,1,0.9804137411242017
7750,31553,1,0.9804236582173034
7751,31590,1,0.980433575310405
7752,31610,1,0.9804434924035067
7753,31617,1,0.9804534094966083
7754,31664,1,0.98046332658971
7755,31692,1,0.9804732436828117
7756,31698,1,0.9804831607759134
7757,31702,1,0.9804930778690151
7758,31737,1,0.9805029949621167
7759,31851,1,0.9805129120552184
7760,31867,1,0.98052282914832
7761,31903,1,0.9805327462414217
7762,31909,1,0.9805426633345233
7763,31921,1,0.980552580427625
7764,31925,1,0.9805624975207268
7765,31952,1,0.9805724146138284
7766,31973,1,0.9805823317069301
7767,32058,1,0.9805922488000317
7768,32060,1,0.9806021658931334
7769,32116,1,0.980612082986235
7770,32139,1,0.9806220000793368
7771,32179,1,0.9806319171724384
7772,32234,1,0.9806418342655401
7773,32243,1,0.9806517513586418
7774,32294,1,0.9806616684517434
7775,32302,1,0.9806715855448451
7776,32314,1,0.9806815026379467
7777,32392,1,0.9806914197310485
7778,32440,1,0.9807013368241501
7779,32442,1,0.9807112539172518
7780,32469,1,0.9807211710103535
7781,32511,1,0.9807310881034551
7782,32515,1,0.9807410051965568
7783,32589,1,0.9807509222896584
7784,32600,1,0.9807608393827602
7785,32620,1,0.9807707564758618
7786,32632,1,0.9807806735689635
7787,32649,1,0.9807905906620651
7788,32659,1,0.9808005077551668
7789,32666,1,0.9808104248482685
7790,32728,1,0.9808203419413701
7791,32743,1,0.9808302590344719
7792,32799,1,0.9808401761275735
7793,32862,1,0.9808500932206752
7794,32875,1,0.9808600103137768
7795,32906,1,0.9808699274068785
7796,32914,1,0.9808798444999801
7797,32917,1,0.9808897615930818
7798,33124,1,0.9808996786861836
7799,33126,1,0.9809095957792852
7800,33132,1,0.9809195128723869
7801,33138,1,0.9809294299654885
7802,33148,1,0.9809393470585902
7803,33188,1,0.9809492641516918
7804,33201,1,0.9809591812447935
7805,33237,1,0.9809690983378953
7806,33294,1,0.9809790154309969
7807,33310,1,0.9809889325240986
7808,33312,1,0.9809988496172002
7809,33435,1,0.9810087667103019
7810,33558,1,0.9810186838034035
7811,33629,1,0.9810286008965052
7812,33644,1,0.9810385179896068
7813,33649,1,0.9810484350827086
7814,33801,1,0.9810583521758103
7815,33826,1,0.9810682692689119
7816,33838,1,0.9810781863620136
7817,33893,1,0.9810881034551152
7818,33966,1,0.9810980205482169
7819,34018,1,0.9811079376413185
7820,34129,1,0.9811178547344203
7821,34164,1,0.9811277718275219
7822,34292,1,0.9811376889206236
7823,34312,1,0.9811476060137253
7824,34330,1,0.9811575231068269
7825,34359,1,0.9811674401999286
7826,34397,1,0.9811773572930302
7827,34450,1,0.981187274386132
7828,34540,1,0.9811971914792336
7829,34800,1,0.9812071085723353
7830,34811,1,0.9812170256654369
7831,35015,1,0.9812269427585386
7832,35347,1,0.9812368598516403
7833,35807,1,0.9812467769447419
7834,36289,1,0.9812566940378437
7835,36397,1,0.9812666111309453
7836,36477,1,0.981276528224047
7837,36931,1,0.9812864453171486
7838,37211,1,0.9812963624102503
7839,37444,1,0.981306279503352
7840,37475,1,0.9813161965964536
7841,37477,1,0.9813261136895554
7842,37495,1,0.981336030782657
7843,37844,1,0.9813459478757587
7844,38159,1,0.9813558649688603
7845,38164,1,0.981365782061962
7846,38198,1,0.9813756991550636
7847,38294,1,0.9813856162481653
7848,38583,1,0.9813955333412671
7849,38992,1,0.9814054504343687
7850,39307,1,0.9814153675274704
7851,39516,1,0.981425284620572
7852,40478,1,0.9814352017136737
7853,40491,1,0.9814451188067753
7854,40578,1,0.981455035899877
7855,40597,1,0.9814649529929786
7856,40617,1,0.9814748700860804
7857,40966,1,0.9814847871791821
7858,41014,1,0.9814947042722837
7859,41627,1,0.9815046213653854
7860,41712,1,0.981514538458487
7861,41724,1,0.9815244555515887
7862,41769,1,0.9815343726446903
7863,41828,1,0.9815442897377921
7864,42176,1,0.9815542068308938
7865,42285,1,0.9815641239239954
7866,42422,1,0.9815740410170971
7867,42556,1,0.9815839581101987
7868,42559,1,0.9815938752033004
7869,42602,1,0.981603792296402
7870,42638,1,0.9816137093895038
7871,42740,1,0.9816236264826054
7872,42761,1,0.9816335435757071
7873,42943,1,0.9816434606688088
7874,43289,1,0.9816533777619104
7875,43333,1,0.9816632948550121
7876,43419,1,0.9816732119481137
7877,43549,1,0.9816831290412155
7878,43558,1,0.9816930461343171
7879,43677,1,0.9817029632274188
7880,43684,1,0.9817128803205204
7881,43744,1,0.9817227974136221
7882,43908,1,0.9817327145067238
7883,43912,1,0.9817426315998254
7884,43914,1,0.9817525486929272
7885,43930,1,0.9817624657860288
7886,44189,1,0.9817723828791305
7887,44197,1,0.9817822999722321
7888,44238,1,0.9817922170653338
7889,44241,1,0.9818021341584354
7890,44243,1,0.9818120512515371
7891,44301,1,0.9818219683446389
7892,44511,1,0.9818318854377405
7893,44597,1,0.9818418025308422
7894,44633,1,0.9818517196239438
7895,44657,1,0.9818616367170455
7896,44719,1,0.9818715538101471
7897,44773,1,0.9818814709032488
7898,44777,1,0.9818913879963506
7899,44849,1,0.9819013050894522
7900,44851,1,0.9819112221825539
7901,44931,1,0.9819211392756555
7902,44937,1,0.9819310563687572
7903,44943,1,0.9819409734618588
7904,45074,1,0.9819508905549605
7905,45106,1,0.9819608076480622
7906,45183,1,0.9819707247411639
7907,45503,1,0.9819806418342656
7908,45648,1,0.9819905589273672
7909,45658,1,0.9820004760204689
7910,45969,1,0.9820103931135705
7911,46105,1,0.9820203102066722
7912,46231,1,0.9820302272997739
7913,46367,1,0.9820401443928756
7914,46559,1,0.9820500614859772
7915,46574,1,0.9820599785790789
7916,46664,1,0.9820698956721806
7917,46772,1,0.9820798127652822
7918,46855,1,0.9820897298583839
7919,46862,1,0.9820996469514855
7920,46865,1,0.9821095640445873
7921,47202,1,0.9821194811376889
7922,47254,1,0.9821293982307906
7923,47384,1,0.9821393153238923
7924,47446,1,0.9821492324169939
7925,47516,1,0.9821591495100956
7926,47538,1,0.9821690666031972
7927,47566,1,0.982178983696299
7928,47646,1,0.9821889007894006
7929,47721,1,0.9821988178825023
7930,47736,1,0.9822087349756039
7931,47774,1,0.9822186520687056
7932,47793,1,0.9822285691618073
7933,47937,1,0.982238486254909
7934,47952,1,0.9822484033480107
7935,47978,1,0.9822583204411123
7936,48001,1,0.982268237534214
7937,48032,1,0.9822781546273156
7938,48045,1,0.9822880717204173
7939,48150,1,0.9822979888135189
7940,48214,1,0.9823079059066206
7941,48262,1,0.9823178229997224
7942,48319,1,0.982327740092824
7943,48416,1,0.9823376571859257
7944,48560,1,0.9823475742790273
7945,48649,1,0.982357491372129
7946,48741,1,0.9823674084652306
7947,48872,1,0.9823773255583323
7948,49110,1,0.982387242651434
7949,49263,1,0.9823971597445357
7950,49265,1,0.9824070768376374
7951,49314,1,0.982416993930739
7952,49666,1,0.9824269110238407
7953,49688,1,0.9824368281169423
7954,49735,1,0.982446745210044
7955,49917,1,0.9824566623031457
7956,50064,1,0.9824665793962474
7957,50147,1,0.9824764964893491
7958,50354,1,0.9824864135824507
7959,50356,1,0.9824963306755524
7960,50440,1,0.982506247768654
7961,50514,1,0.9825161648617557
7962,50610,1,0.9825260819548574
7963,50613,1,0.9825359990479591
7964,50806,1,0.9825459161410607
7965,50942,1,0.9825558332341624
7966,50999,1,0.9825657503272641
7967,51082,1,0.9825756674203657
7968,51167,1,0.9825855845134674
7969,51174,1,0.982595501606569
7970,51314,1,0.9826054186996708
7971,51357,1,0.9826153357927724
7972,51471,1,0.9826252528858741
7973,51545,1,0.9826351699789757
7974,51562,1,0.9826450870720774
7975,51573,1,0.9826550041651791
7976,51666,1,0.9826649212582808
7977,51694,1,0.9826748383513825
7978,51903,1,0.9826847554444841
7979,51933,1,0.9826946725375858
7980,52042,1,0.9827045896306874
7981,52279,1,0.9827145067237891
7982,52299,1,0.9827244238168908
7983,52462,1,0.9827343409099925
7984,52715,1,0.9827442580030942
7985,52724,1,0.9827541750961958
7986,52784,1,0.9827640921892975
7987,52831,1,0.9827740092823991
7988,52867,1,0.9827839263755008
7989,53143,1,0.9827938434686024
7990,53280,1,0.9828037605617042
7991,53326,1,0.9828136776548059
7992,53355,1,0.9828235947479075
7993,53447,1,0.9828335118410092
7994,53450,1,0.9828434289341108
7995,53453,1,0.9828533460272125
7996,53578,1,0.9828632631203141
7997,53808,1,0.9828731802134159
7998,53883,1,0.9828830973065175
7999,53921,1,0.9828930143996192
8000,54121,1,0.9829029314927209
8001,54274,1,0.9829128485858225
8002,54354,1,0.9829227656789242
8003,54617,1,0.9829326827720258
8004,54686,1,0.9829425998651276
8005,54768,1,0.9829525169582292
8006,54787,1,0.9829624340513309
8007,54796,1,0.9829723511444326
8008,54908,1,0.9829822682375342
8009,54910,1,0.9829921853306359
8010,54934,1,0.9830021024237375
8011,54962,1,0.9830120195168393
8012,55020,1,0.9830219366099409
8013,55036,1,0.9830318537030426
8014,55061,1,0.9830417707961442
8015,55067,1,0.9830516878892459
8016,55071,1,0.9830616049823476
8017,55110,1,0.9830715220754492
8018,55112,1,0.983081439168551
8019,55156,1,0.9830913562616526
8020,55190,1,0.9831012733547543
8021,55205,1,0.9831111904478559
8022,55207,1,0.9831211075409576
8023,55259,1,0.9831310246340592
8024,55294,1,0.9831409417271609
8025,55391,1,0.9831508588202627
8026,55492,1,0.9831607759133643
8027,55555,1,0.983170693006466
8028,55687,1,0.9831806100995676
8029,55729,1,0.9831905271926693
8030,55805,1,0.9832004442857709
8031,55844,1,0.9832103613788726
8032,55854,1,0.9832202784719742
8033,56022,1,0.983230195565076
8034,56060,1,0.9832401126581777
8035,56169,1,0.9832500297512793
8036,56274,1,0.983259946844381
8037,56333,1,0.9832698639374826
8038,56389,1,0.9832797810305843
8039,56620,1,0.9832896981236859
8040,56837,1,0.9832996152167877
8041,56869,1,0.9833095323098894
8042,56908,1,0.983319449402991
8043,56915,1,0.9833293664960927
8044,57147,1,0.9833392835891943
8045,57326,1,0.983349200682296
8046,57421,1,0.9833591177753976
8047,57499,1,0.9833690348684994
8048,57502,1,0.983378951961601
8049,57522,1,0.9833888690547027
8050,57526,1,0.9833987861478044
8051,57637,1,0.983408703240906
8052,57843,1,0.9834186203340077
8053,57910,1,0.9834285374271093
8054,58078,1,0.9834384545202111
8055,58191,1,0.9834483716133127
8056,58287,1,0.9834582887064144
8057,58291,1,0.983468205799516
8058,58297,1,0.9834781228926177
8059,58306,1,0.9834880399857194
8060,58309,1,0.983497957078821
8061,58351,1,0.9835078741719228
8062,58492,1,0.9835177912650244
8063,58627,1,0.9835277083581261
8064,58783,1,0.9835376254512277
8065,58826,1,0.9835475425443294
8066,58842,1,0.9835574596374311
8067,58879,1,0.9835673767305327
8068,58964,1,0.9835772938236345
8069,58975,1,0.9835872109167361
8070,59016,1,0.9835971280098378
8071,59018,1,0.9836070451029394
8072,59026,1,0.9836169621960411
8073,59118,1,0.9836268792891427
8074,59131,1,0.9836367963822444
8075,59220,1,0.9836467134753462
8076,59295,1,0.9836566305684478
8077,59336,1,0.9836665476615495
8078,59440,1,0.9836764647546511
8079,59549,1,0.9836863818477528
8080,59667,1,0.9836962989408544
8081,59731,1,0.9837062160339561
8082,59738,1,0.9837161331270577
8083,59810,1,0.9837260502201595
8084,59814,1,0.9837359673132612
8085,59915,1,0.9837458844063628
8086,59947,1,0.9837558014994645
8087,59985,1,0.9837657185925661
8088,59995,1,0.9837756356856678
8089,60030,1,0.9837855527787694
8090,60046,1,0.9837954698718712
8091,60141,1,0.9838053869649728
8092,60303,1,0.9838153040580745
8093,60363,1,0.9838252211511762
8094,60365,1,0.9838351382442778
8095,60389,1,0.9838450553373795
8096,60471,1,0.9838549724304811
8097,60538,1,0.9838648895235829
8098,60647,1,0.9838748066166845
8099,60674,1,0.9838847237097862
8100,60735,1,0.9838946408028879
8101,60737,1,0.9839045578959895
8102,60803,1,0.9839144749890912
8103,60818,1,0.9839243920821928
8104,60832,1,0.9839343091752946
8105,60857,1,0.9839442262683962
8106,60894,1,0.9839541433614979
8107,60904,1,0.9839640604545995
8108,60943,1,0.9839739775477012
8109,61011,1,0.9839838946408029
8110,61071,1,0.9839938117339045
8111,61073,1,0.9840037288270063
8112,61123,1,0.9840136459201079
8113,61167,1,0.9840235630132096
8114,61210,1,0.9840334801063112
8115,61246,1,0.9840433971994129
8116,61257,1,0.9840533142925145
8117,61262,1,0.9840632313856162
8118,61319,1,0.984073148478718
8119,61394,1,0.9840830655718196
8120,61628,1,0.9840929826649213
8121,61692,1,0.9841028997580229
8122,61697,1,0.9841128168511246
8123,61818,1,0.9841227339442262
8124,61986,1,0.9841326510373279
8125,62008,1,0.9841425681304297
8126,62208,1,0.9841524852235313
8127,62299,1,0.984162402316633
8128,62437,1,0.9841723194097346
8129,62553,1,0.9841822365028363
8130,62586,1,0.9841921535959379
8131,62662,1,0.9842020706890396
8132,62718,1,0.9842119877821413
8133,62799,1,0.984221904875243
8134,62834,1,0.9842318219683447
8135,62836,1,0.9842417390614463
8136,63033,1,0.984251656154548
8137,63179,1,0.9842615732476496
8138,63239,1,0.9842714903407513
8139,63312,1,0.984281407433853
8140,63393,1,0.9842913245269547
8141,63515,1,0.9843012416200563
8142,63768,1,0.984311158713158
8143,63826,1,0.9843210758062597
8144,64010,1,0.9843309928993613
8145,64114,1,0.984340909992463
8146,64278,1,0.9843508270855647
8147,64499,1,0.9843607441786664
8148,64501,1,0.984370661271768
8149,64695,1,0.9843805783648697
8150,65037,1,0.9843904954579713
8151,65135,1,0.984400412551073
8152,65193,1,0.9844103296441747
8153,65225,1,0.9844202467372763
8154,65350,1,0.9844301638303781
8155,65359,1,0.9844400809234797
8156,65577,1,0.9844499980165814
8157,65588,1,0.984459915109683
8158,65596,1,0.9844698322027847
8159,65601,1,0.9844797492958864
8160,65631,1,0.984489666388988
8161,65651,1,0.9844995834820898
8162,65738,1,0.9845095005751914
8163,65740,1,0.9845194176682931
8164,65810,1,0.9845293347613947
8165,65882,1,0.9845392518544964
8166,66090,1,0.984549168947598
8167,66240,1,0.9845590860406997
8168,66310,1,0.9845690031338015
8169,66320,1,0.9845789202269031
8170,66335,1,0.9845888373200048
8171,66427,1,0.9845987544131064
8172,66544,1,0.9846086715062081
8173,66915,1,0.9846185885993097
8174,67168,1,0.9846285056924114
8175,67193,1,0.9846384227855131
8176,67361,1,0.9846483398786148
8177,67508,1,0.9846582569717165
8178,67618,1,0.9846681740648181
8179,67799,1,0.9846780911579198
8180,67888,1,0.9846880082510214
8181,68347,1,0.9846979253441231
8182,68444,1,0.9847078424372248
8183,68480,1,0.9847177595303265
8184,68522,1,0.9847276766234282
8185,68536,1,0.9847375937165298
8186,68552,1,0.9847475108096315
8187,68597,1,0.9847574279027331
8188,68600,1,0.9847673449958348
8189,68650,1,0.9847772620889365
8190,68835,1,0.9847871791820382
8191,68872,1,0.9847970962751398
8192,68886,1,0.9848070133682415
8193,69118,1,0.9848169304613432
8194,69131,1,0.9848268475544448
8195,69140,1,0.9848367646475465
8196,69211,1,0.9848466817406482
8197,69224,1,0.9848565988337499
8198,69227,1,0.9848665159268515
8199,69251,1,0.9848764330199532
8200,69304,1,0.9848863501130548
8201,69394,1,0.9848962672061565
8202,69469,1,0.9849061842992582
8203,69495,1,0.9849161013923599
8204,69654,1,0.9849260184854616
8205,69685,1,0.9849359355785632
8206,69712,1,0.9849458526716649
8207,69720,1,0.9849557697647665
8208,69746,1,0.9849656868578682
8209,69860,1,0.98497560395097
8210,69904,1,0.9849855210440716
8211,69953,1,0.9849954381371733
8212,69988,1,0.9850053552302749
8213,70015,1,0.9850152723233766
8214,70206,1,0.9850251894164782
8215,70208,1,0.9850351065095799
8216,70301,1,0.9850450236026815
8217,70334,1,0.9850549406957833
8218,70451,1,0.985064857788885
8219,70492,1,0.9850747748819866
8220,70545,1,0.9850846919750883
8221,70637,1,0.9850946090681899
8222,70663,1,0.9851045261612916
8223,70697,1,0.9851144432543932
8224,70703,1,0.985124360347495
8225,70708,1,0.9851342774405966
8226,70932,1,0.9851441945336983
8227,70990,1,0.9851541116268
8228,71108,1,0.9851640287199016
8229,71129,1,0.9851739458130033
8230,71147,1,0.9851838629061049
8231,71160,1,0.9851937799992067
8232,71268,1,0.9852036970923083
8233,71302,1,0.98521361418541
8234,71327,1,0.9852235312785116
8235,71341,1,0.9852334483716133
8236,71438,1,0.985243365464715
8237,71453,1,0.9852532825578166
8238,71466,1,0.9852631996509184
8239,71468,1,0.98527311674402
8240,71484,1,0.9852830338371217
8241,71494,1,0.9852929509302233
8242,71500,1,0.985302868023325
8243,71550,1,0.9853127851164267
8244,71619,1,0.9853227022095283
8245,71640,1,0.98533261930263
8246,71810,1,0.9853425363957317
8247,71867,1,0.9853524534888334
8248,71902,1,0.985362370581935
8249,71910,1,0.9853722876750367
8250,71970,1,0.9853822047681383
8251,71999,1,0.98539212186124
8252,72104,1,0.9854020389543418
8253,72142,1,0.9854119560474434
8254,72165,1,0.9854218731405451
8255,72178,1,0.9854317902336467
8256,72330,1,0.9854417073267484
8257,72424,1,0.98545162441985
8258,72479,1,0.9854615415129517
8259,72554,1,0.9854714586060533
8260,72591,1,0.9854813756991551
8261,72601,1,0.9854912927922568
8262,72603,1,0.9855012098853584
8263,72624,1,0.9855111269784601
8264,72692,1,0.9855210440715617
8265,72694,1,0.9855309611646634
8266,72696,1,0.985540878257765
8267,72714,1,0.9855507953508668
8268,72874,1,0.9855607124439685
8269,72919,1,0.9855706295370701
8270,72921,1,0.9855805466301718
8271,72982,1,0.9855904637232734
8272,73160,1,0.9856003808163751
8273,73386,1,0.9856102979094767
8274,73431,1,0.9856202150025785
8275,73488,1,0.9856301320956801
8276,73499,1,0.9856400491887818
8277,73501,1,0.9856499662818835
8278,73515,1,0.9856598833749851
8279,73676,1,0.9856698004680868
8280,73681,1,0.9856797175611884
8281,73741,1,0.9856896346542902
8282,73804,1,0.9856995517473918
8283,73808,1,0.9857094688404935
8284,73822,1,0.9857193859335951
8285,73858,1,0.9857293030266968
8286,73876,1,0.9857392201197985
8287,74089,1,0.9857491372129001
8288,74095,1,0.9857590543060019
8289,74226,1,0.9857689713991035
8290,74342,1,0.9857788884922052
8291,74370,1,0.9857888055853068
8292,74580,1,0.9857987226784085
8293,74624,1,0.9858086397715101
8294,74647,1,0.9858185568646118
8295,74677,1,0.9858284739577136
8296,74683,1,0.9858383910508152
8297,74688,1,0.9858483081439169
8298,74696,1,0.9858582252370185
8299,75341,1,0.9858681423301202
8300,75389,1,0.9858780594232218
8301,75416,1,0.9858879765163235
8302,75446,1,0.9858978936094253
8303,75803,1,0.9859078107025269
8304,75816,1,0.9859177277956286
8305,75947,1,0.9859276448887302
8306,76030,1,0.9859375619818319
8307,76054,1,0.9859474790749335
8308,76091,1,0.9859573961680352
8309,76143,1,0.9859673132611368
8310,76301,1,0.9859772303542386
8311,76738,1,0.9859871474473403
8312,76743,1,0.9859970645404419
8313,76751,1,0.9860069816335436
8314,76763,1,0.9860168987266452
8315,77177,1,0.9860268158197469
8316,77201,1,0.9860367329128485
8317,77206,1,0.9860466500059503
8318,77233,1,0.9860565670990519
8319,77266,1,0.9860664841921536
8320,77414,1,0.9860764012852553
8321,77421,1,0.9860863183783569
8322,77427,1,0.9860962354714586
8323,77667,1,0.9861061525645602
8324,77688,1,0.986116069657662
8325,77709,1,0.9861259867507636
8326,77795,1,0.9861359038438653
8327,77841,1,0.986145820936967
8328,77846,1,0.9861557380300686
8329,77881,1,0.9861656551231703
8330,77893,1,0.986175572216272
8331,77931,1,0.9861854893093737
8332,78034,1,0.9861954064024753
8333,78103,1,0.986205323495577
8334,78116,1,0.9862152405886786
8335,78142,1,0.9862251576817803
8336,78160,1,0.986235074774882
8337,78218,1,0.9862449918679836
8338,78264,1,0.9862549089610854
8339,78544,1,0.986264826054187
8340,78620,1,0.9862747431472887
8341,78626,1,0.9862846602403903
8342,78746,1,0.986294577333492
8343,78959,1,0.9863044944265936
8344,79006,1,0.9863144115196953
8345,79073,1,0.9863243286127971
8346,79259,1,0.9863342457058987
8347,79299,1,0.9863441627990004
8348,79333,1,0.986354079892102
8349,79501,1,0.9863639969852037
8350,79536,1,0.9863739140783053
8351,79572,1,0.986383831171407
8352,79590,1,0.9863937482645087
8353,79677,1,0.9864036653576104
8354,79684,1,0.9864135824507121
8355,79868,1,0.9864234995438137
8356,79895,1,0.9864334166369154
8357,79897,1,0.986443333730017
8358,79946,1,0.9864532508231187
8359,80083,1,0.9864631679162204
8360,80094,1,0.9864730850093221
8361,80124,1,0.9864830021024238
8362,80162,1,0.9864929191955254
8363,80454,1,0.9865028362886271
8364,80478,1,0.9865127533817287
8365,80553,1,0.9865226704748304
8366,80572,1,0.986532587567932
8367,80584,1,0.9865425046610338
8368,80748,1,0.9865524217541354
8369,80834,1,0.9865623388472371
8370,80839,1,0.9865722559403388
8371,80858,1,0.9865821730334404
8372,80864,1,0.9865920901265421
8373,80917,1,0.9866020072196438
8374,81087,1,0.9866119243127455
8375,81191,1,0.9866218414058471
8376,81257,1,0.9866317584989488
8377,81383,1,0.9866416755920504
8378,81512,1,0.9866515926851521
8379,81520,1,0.9866615097782538
8380,81535,1,0.9866714268713555
8381,81681,1,0.9866813439644572
8382,81786,1,0.9866912610575588
8383,81791,1,0.9867011781506605
8384,81831,1,0.9867110952437621
8385,81949,1,0.9867210123368638
8386,82088,1,0.9867309294299655
8387,82093,1,0.9867408465230671
8388,82095,1,0.9867507636161689
8389,82152,1,0.9867606807092705
8390,82366,1,0.9867705978023722
8391,82527,1,0.9867805148954738
8392,82534,1,0.9867904319885755
8393,82641,1,0.9868003490816771
8394,82684,1,0.9868102661747788
8395,82744,1,0.9868201832678806
8396,82765,1,0.9868301003609822
8397,82767,1,0.9868400174540839
8398,82848,1,0.9868499345471855
8399,82857,1,0.9868598516402872
8400,83086,1,0.9868697687333888
8401,83270,1,0.9868796858264905
8402,83369,1,0.9868896029195922
8403,83374,1,0.9868995200126939
8404,83480,1,0.9869094371057956
8405,83601,1,0.9869193541988972
8406,83796,1,0.9869292712919989
8407,83969,1,0.9869391883851005
8408,83976,1,0.9869491054782022
8409,84156,1,0.9869590225713039
8410,84240,1,0.9869689396644056
8411,84246,1,0.9869788567575073
8412,84273,1,0.9869887738506089
8413,84512,1,0.9869986909437106
8414,84523,1,0.9870086080368122
8415,84553,1,0.987018525129914
8416,84637,1,0.9870284422230156
8417,84696,1,0.9870383593161173
8418,84716,1,0.9870482764092189
8419,84799,1,0.9870581935023206
8420,84844,1,0.9870681105954223
8421,84950,1,0.9870780276885239
8422,84952,1,0.9870879447816256
8423,85025,1,0.9870978618747273
8424,85213,1,0.987107778967829
8425,85259,1,0.9871176960609306
8426,85261,1,0.9871276131540323
8427,85295,1,0.9871375302471339
8428,85316,1,0.9871474473402356
8429,85334,1,0.9871573644333373
8430,85394,1,0.987167281526439
8431,85399,1,0.9871771986195407
8432,85438,1,0.9871871157126423
8433,86000,1,0.987197032805744
8434,86014,1,0.9872069498988456
8435,86028,1,0.9872168669919473
8436,86066,1,0.9872267840850489
8437,86068,1,0.9872367011781507
8438,86237,1,0.9872466182712524
8439,86279,1,0.987256535364354
8440,86286,1,0.9872664524574557
8441,86355,1,0.9872763695505573
8442,86487,1,0.987286286643659
8443,86593,1,0.9872962037367606
8444,86668,1,0.9873061208298624
8445,86721,1,0.9873160379229641
8446,86815,1,0.9873259550160657
8447,86864,1,0.9873358721091674
8448,86922,1,0.987345789202269
8449,86960,1,0.9873557062953707
8450,87028,1,0.9873656233884723
8451,87197,1,0.987375540481574
8452,87287,1,0.9873854575746757
8453,87660,1,0.9873953746677774
8454,87834,1,0.9874052917608791
8455,87960,1,0.9874152088539807
8456,88069,1,0.9874251259470824
8457,88094,1,0.987435043040184
8458,88108,1,0.9874449601332858
8459,88179,1,0.9874548772263874
8460,88267,1,0.9874647943194891
8461,88327,1,0.9874747114125907
8462,88345,1,0.9874846285056924
8463,88448,1,0.9874945455987941
8464,88515,1,0.9875044626918957
8465,88593,1,0.9875143797849975
8466,88697,1,0.9875242968780991
8467,88911,1,0.9875342139712008
8468,88932,1,0.9875441310643024
8469,89039,1,0.9875540481574041
8470,89047,1,0.9875639652505058
8471,89072,1,0.9875738823436074
8472,89085,1,0.9875837994367092
8473,89090,1,0.9875937165298108
8474,89208,1,0.9876036336229125
8475,89281,1,0.9876135507160141
8476,89343,1,0.9876234678091158
8477,89386,1,0.9876333849022174
8478,89388,1,0.9876433019953191
8479,89427,1,0.9876532190884209
8480,89580,1,0.9876631361815225
8481,89586,1,0.9876730532746242
8482,89678,1,0.9876829703677258
8483,89837,1,0.9876928874608275
8484,89862,1,0.9877028045539291
8485,89898,1,0.9877127216470308
8486,89945,1,0.9877226387401324
8487,90243,1,0.9877325558332342
8488,90245,1,0.9877424729263359
8489,90353,1,0.9877523900194375
8490,90357,1,0.9877623071125392
8491,90384,1,0.9877722242056408
8492,90428,1,0.9877821412987425
8493,90524,1,0.9877920583918441
8494,90528,1,0.9878019754849459
8495,90576,1,0.9878118925780475
8496,90630,1,0.9878218096711492
8497,90719,1,0.9878317267642509
8498,90738,1,0.9878416438573525
8499,90769,1,0.9878515609504542
8500,90809,1,0.9878614780435558
8501,90863,1,0.9878713951366576
8502,90943,1,0.9878813122297592
8503,90945,1,0.9878912293228609
8504,91233,1,0.9879011464159626
8505,91261,1,0.9879110635090642
8506,91266,1,0.9879209806021659
8507,91273,1,0.9879308976952675
8508,91337,1,0.9879408147883693
8509,91355,1,0.9879507318814709
8510,91386,1,0.9879606489745726
8511,91414,1,0.9879705660676742
8512,91483,1,0.9879804831607759
8513,91571,1,0.9879904002538776
8514,91666,1,0.9880003173469792
8515,91688,1,0.988010234440081
8516,91784,1,0.9880201515331826
8517,91860,1,0.9880300686262843
8518,91869,1,0.9880399857193859
8519,91873,1,0.9880499028124876
8520,91890,1,0.9880598199055892
8521,91935,1,0.9880697369986909
8522,91947,1,0.9880796540917927
8523,91981,1,0.9880895711848943
8524,92046,1,0.988099488277996
8525,92094,1,0.9881094053710976
8526,92192,1,0.9881193224641993
8527,92198,1,0.9881292395573009
8528,92234,1,0.9881391566504026
8529,92243,1,0.9881490737435044
8530,92348,1,0.988158990836606
8531,92427,1,0.9881689079297077
8532,92494,1,0.9881788250228093
8533,92637,1,0.988188742115911
8534,92665,1,0.9881986592090126
8535,92674,1,0.9882085763021143
8536,92681,1,0.988218493395216
8537,92730,1,0.9882284104883177
8538,92760,1,0.9882383275814194
8539,92954,1,0.988248244674521
8540,93008,1,0.9882581617676227
8541,93022,1,0.9882680788607243
8542,93040,1,0.988277995953826
8543,93114,1,0.9882879130469276
8544,93134,1,0.9882978301400294
8545,93139,1,0.988307747233131
8546,93193,1,0.9883176643262327
8547,93208,1,0.9883275814193344
8548,93242,1,0.988337498512436
8549,93320,1,0.9883474156055377
8550,93502,1,0.9883573326986393
8551,93512,1,0.9883672497917411
8552,93598,1,0.9883771668848427
8553,93610,1,0.9883870839779444
8554,93740,1,0.988397001071046
8555,93790,1,0.9884069181641477
8556,93819,1,0.9884168352572494
8557,93855,1,0.988426752350351
8558,93982,1,0.9884366694434528
8559,93988,1,0.9884465865365544
8560,94011,1,0.9884565036296561
8561,94122,1,0.9884664207227577
8562,94160,1,0.9884763378158594
8563,94262,1,0.9884862549089611
8564,94325,1,0.9884961720020627
8565,94494,1,0.9885060890951645
8566,94661,1,0.9885160061882661
8567,94735,1,0.9885259232813678
8568,94799,1,0.9885358403744694
8569,94810,1,0.9885457574675711
8570,94867,1,0.9885556745606727
8571,94919,1,0.9885655916537744
8572,94931,1,0.9885755087468762
8573,95004,1,0.9885854258399778
8574,95135,1,0.9885953429330795
8575,95145,1,0.9886052600261811
8576,95149,1,0.9886151771192828
8577,95163,1,0.9886250942123844
8578,95165,1,0.9886350113054861
8579,95170,1,0.9886449283985878
8580,95175,1,0.9886548454916895
8581,95193,1,0.9886647625847912
8582,95199,1,0.9886746796778928
8583,95201,1,0.9886845967709945
8584,95218,1,0.9886945138640961
8585,95311,1,0.9887044309571978
8586,95313,1,0.9887143480502995
8587,95473,1,0.9887242651434012
8588,95499,1,0.9887341822365029
8589,95508,1,0.9887440993296045
8590,95519,1,0.9887540164227062
8591,95624,1,0.9887639335158078
8592,95633,1,0.9887738506089095
8593,95690,1,0.9887837677020112
8594,95717,1,0.9887936847951129
8595,95738,1,0.9888036018882145
8596,95744,1,0.9888135189813162
8597,95761,1,0.9888234360744179
8598,95771,1,0.9888333531675195
8599,95780,1,0.9888432702606212
8600,95796,1,0.9888531873537229
8601,95839,1,0.9888631044468246
8602,95843,1,0.9888730215399262
8603,95939,1,0.9888829386330279
8604,95949,1,0.9888928557261295
8605,95965,1,0.9889027728192312
8606,96007,1,0.9889126899123329
8607,96084,1,0.9889226070054346
8608,96114,1,0.9889325240985363
8609,96121,1,0.9889424411916379
8610,96150,1,0.9889523582847396
8611,96283,1,0.9889622753778412
8612,96373,1,0.9889721924709429
8613,96411,1,0.9889821095640446
8614,96430,1,0.9889920266571463
8615,96471,1,0.989001943750248
8616,96518,1,0.9890118608433496
8617,96520,1,0.9890217779364513
8618,96530,1,0.9890316950295529
8619,96563,1,0.9890416121226546
8620,96567,1,0.9890515292157562
8621,96608,1,0.989061446308858
8622,96726,1,0.9890713634019597
8623,96832,1,0.9890812804950613
8624,96917,1,0.989091197588163
8625,96935,1,0.9891011146812646
8626,96945,1,0.9891110317743663
8627,96964,1,0.9891209488674679
8628,96975,1,0.9891308659605696
8629,97024,1,0.9891407830536713
8630,97188,1,0.989150700146773
8631,97194,1,0.9891606172398747
8632,97230,1,0.9891705343329763
8633,97285,1,0.989180451426078
8634,97328,1,0.9891903685191796
8635,97665,1,0.9892002856122813
8636,97701,1,0.989210202705383
8637,97742,1,0.9892201197984847
8638,97757,1,0.9892300368915863
8639,97785,1,0.989239953984688
8640,97858,1,0.9892498710777897
8641,97870,1,0.9892597881708913
8642,97904,1,0.989269705263993
8643,97936,1,0.9892796223570947
8644,97950,1,0.9892895394501964
8645,97988,1,0.989299456543298
8646,98061,1,0.9893093736363997
8647,98160,1,0.9893192907295014
8648,98175,1,0.989329207822603
8649,98230,1,0.9893391249157047
8650,98296,1,0.9893490420088064
8651,98361,1,0.9893589591019081
8652,98503,1,0.9893688761950097
8653,98604,1,0.9893787932881114
8654,98607,1,0.989388710381213
8655,98633,1,0.9893986274743147
8656,98697,1,0.9894085445674164
8657,98799,1,0.9894184616605181
8658,98836,1,0.9894283787536198
8659,98908,1,0.9894382958467214
8660,99005,1,0.9894482129398231
8661,99030,1,0.9894581300329247
8662,99087,1,0.9894680471260264
8663,99122,1,0.989477964219128
8664,99130,1,0.9894878813122298
8665,99191,1,0.9894977984053315
8666,99415,1,0.9895077154984331
8667,99574,1,0.9895176325915348
8668,99636,1,0.9895275496846364
8669,99638,1,0.9895374667777381
8670,99721,1,0.9895473838708397
8671,99750,1,0.9895573009639415
8672,99846,1,0.9895672180570432
8673,99853,1,0.9895771351501448
8674,99992,1,0.9895870522432465
8675,100044,1,0.9895969693363481
8676,100068,1,0.9896068864294498
8677,100106,1,0.9896168035225514
8678,100159,1,0.9896267206156532
8679,100194,1,0.9896366377087548
8680,100226,1,0.9896465548018565
8681,100277,1,0.9896564718949582
8682,100302,1,0.9896663889880598
8683,100304,1,0.9896763060811615
8684,100306,1,0.9896862231742631
8685,100326,1,0.9896961402673649
8686,100397,1,0.9897060573604665
8687,100487,1,0.9897159744535682
8688,100527,1,0.9897258915466698
8689,100556,1,0.9897358086397715
8690,100579,1,0.9897457257328732
8691,100737,1,0.9897556428259748
8692,100843,1,0.9897655599190766
8693,100906,1,0.9897754770121782
8694,101070,1,0.9897853941052799
8695,101072,1,0.9897953111983815
8696,101074,1,0.9898052282914832
8697,101360,1,0.9898151453845848
8698,101423,1,0.9898250624776865
8699,101529,1,0.9898349795707883
8700,101531,1,0.9898448966638899
8701,101884,1,0.9898548137569916
8702,101895,1,0.9898647308500932
8703,101973,1,0.9898746479431949
8704,102007,1,0.9898845650362965
8705,102025,1,0.9898944821293982
8706,102058,1,0.9899043992225
8707,102066,1,0.9899143163156016
8708,102070,1,0.9899242334087033
8709,102084,1,0.9899341505018049
8710,102088,1,0.9899440675949066
8711,102165,1,0.9899539846880082
8712,102217,1,0.9899639017811099
8713,102278,1,0.9899738188742115
8714,102338,1,0.9899837359673133
8715,102590,1,0.989993653060415
8716,102602,1,0.9900035701535166
8717,102666,1,0.9900134872466183
8718,102735,1,0.9900234043397199
8719,102742,1,0.9900333214328216
8720,102747,1,0.9900432385259232
8721,102749,1,0.990053155619025
8722,102760,1,0.9900630727121266
8723,102800,1,0.9900729898052283
8724,102802,1,0.99008290689833
8725,102819,1,0.9900928239914316
8726,102823,1,0.9901027410845333
8727,102852,1,0.9901126581776349
8728,102984,1,0.9901225752707367
8729,103027,1,0.9901324923638383
8730,103085,1,0.99014240945694
8731,103171,1,0.9901523265500417
8732,103210,1,0.9901622436431433
8733,103219,1,0.990172160736245
8734,103221,1,0.9901820778293466
8735,103233,1,0.9901919949224484
8736,103245,1,0.99020191201555
8737,103366,1,0.9902118291086517
8738,103449,1,0.9902217462017533
8739,103483,1,0.990231663294855
8740,103502,1,0.9902415803879567
8741,103602,1,0.9902514974810583
8742,103606,1,0.9902614145741601
8743,103609,1,0.9902713316672617
8744,103685,1,0.9902812487603634
8745,103755,1,0.990291165853465
8746,103865,1,0.9903010829465667
8747,104017,1,0.9903110000396683
8748,104078,1,0.99032091713277
8749,104141,1,0.9903308342258718
8750,104337,1,0.9903407513189734
8751,104644,1,0.9903506684120751
8752,104760,1,0.9903605855051767
8753,104780,1,0.9903705025982784
8754,104837,1,0.99038041969138
8755,105020,1,0.9903903367844817
8756,105121,1,0.9904002538775833
8757,105246,1,0.9904101709706851
8758,105325,1,0.9904200880637868
8759,105540,1,0.9904300051568884
8760,105720,1,0.9904399222499901
8761,105746,1,0.9904498393430917
8762,105755,1,0.9904597564361934
8763,105801,1,0.990469673529295
8764,105835,1,0.9904795906223968
8765,106144,1,0.9904895077154985
8766,106441,1,0.9904994248086001
8767,106542,1,0.9905093419017018
8768,106594,1,0.9905192589948034
8769,106648,1,0.9905291760879051
8770,106785,1,0.9905390931810067
8771,106883,1,0.9905490102741085
8772,106889,1,0.9905589273672101
8773,106927,1,0.9905688444603118
8774,107013,1,0.9905787615534135
8775,107159,1,0.9905886786465151
8776,107338,1,0.9905985957396168
8777,107408,1,0.9906085128327184
8778,107410,1,0.9906184299258202
8779,107412,1,0.9906283470189218
8780,107436,1,0.9906382641120235
8781,107447,1,0.9906481812051251
8782,107449,1,0.9906580982982268
8783,107462,1,0.9906680153913285
8784,107630,1,0.9906779324844301
8785,107723,1,0.9906878495775319
8786,107771,1,0.9906977666706335
8787,107780,1,0.9907076837637352
8788,107846,1,0.9907176008568368
8789,107945,1,0.9907275179499385
8790,107951,1,0.9907374350430402
8791,107962,1,0.9907473521361418
8792,107999,1,0.9907572692292436
8793,108078,1,0.9907671863223452
8794,108090,1,0.9907771034154469
8795,108192,1,0.9907870205085485
8796,108540,1,0.9907969376016502
8797,108601,1,0.9908068546947518
8798,108715,1,0.9908167717878535
8799,108795,1,0.9908266888809553
8800,108981,1,0.9908366059740569
8801,109161,1,0.9908465230671586
8802,109183,1,0.9908564401602602
8803,109191,1,0.9908663572533619
8804,109241,1,0.9908762743464635
8805,109282,1,0.9908861914395652
8806,109295,1,0.9908961085326669
8807,109313,1,0.9909060256257686
8808,109317,1,0.9909159427188703
8809,109383,1,0.9909258598119719
8810,109416,1,0.9909357769050736
8811,109596,1,0.9909456939981752
8812,109633,1,0.9909556110912769
8813,109687,1,0.9909655281843786
8814,109723,1,0.9909754452774803
8815,109897,1,0.990985362370582
8816,109941,1,0.9909952794636836
8817,109971,1,0.9910051965567853
8818,110281,1,0.9910151136498869
8819,110286,1,0.9910250307429886
8820,110330,1,0.9910349478360903
8821,110350,1,0.991044864929192
8822,110387,1,0.9910547820222936
8823,110541,1,0.9910646991153953
8824,110586,1,0.991074616208497
8825,110591,1,0.9910845333015986
8826,110603,1,0.9910944503947003
8827,110611,1,0.991104367487802
8828,110718,1,0.9911142845809037
8829,110746,1,0.9911242016740053
8830,110773,1,0.991134118767107
8831,110781,1,0.9911440358602086
8832,110826,1,0.9911539529533103
8833,111146,1,0.991163870046412
8834,111320,1,0.9911737871395137
8835,111375,1,0.9911837042326154
8836,111384,1,0.991193621325717
8837,111551,1,0.9912035384188187
8838,111680,1,0.9912134555119203
8839,111732,1,0.991223372605022
8840,111785,1,0.9912332896981236
8841,111795,1,0.9912432067912254
8842,111800,1,0.9912531238843271
8843,111817,1,0.9912630409774287
8844,111844,1,0.9912729580705304
8845,111913,1,0.991282875163632
8846,112070,1,0.9912927922567337
8847,112303,1,0.9913027093498353
8848,112316,1,0.991312626442937
8849,112326,1,0.9913225435360388
8850,112334,1,0.9913324606291404
8851,112450,1,0.9913423777222421
8852,112454,1,0.9913522948153437
8853,112512,1,0.9913622119084454
8854,112580,1,0.991372129001547
8855,112727,1,0.9913820460946488
8856,112749,1,0.9913919631877504
8857,112868,1,0.9914018802808521
8858,112940,1,0.9914117973739538
8859,113159,1,0.9914217144670554
8860,113186,1,0.9914316315601571
8861,113207,1,0.9914415486532587
8862,113225,1,0.9914514657463604
8863,113275,1,0.9914613828394621
8864,113278,1,0.9914712999325638
8865,113280,1,0.9914812170256654
8866,113313,1,0.9914911341187671
8867,113350,1,0.9915010512118688
8868,113374,1,0.9915109683049704
8869,113394,1,0.9915208853980721
8870,113416,1,0.9915308024911738
8871,113565,1,0.9915407195842755
8872,113604,1,0.9915506366773771
8873,113705,1,0.9915605537704788
8874,113780,1,0.9915704708635805
8875,113829,1,0.9915803879566821
8876,113849,1,0.9915903050497838
8877,113862,1,0.9916002221428855
8878,114044,1,0.9916101392359872
8879,114066,1,0.9916200563290888
8880,114126,1,0.9916299734221905
8881,114184,1,0.9916398905152921
8882,114246,1,0.9916498076083938
8883,114265,1,0.9916597247014955
8884,114335,1,0.9916696417945972
8885,114396,1,0.9916795588876989
8886,114494,1,0.9916894759808005
8887,114554,1,0.9916993930739022
8888,114670,1,0.9917093101670038
8889,114707,1,0.9917192272601055
8890,114847,1,0.9917291443532071
8891,114925,1,0.9917390614463089
8892,115065,1,0.9917489785394106
8893,115111,1,0.9917588956325122
8894,115151,1,0.9917688127256139
8895,115170,1,0.9917787298187155
8896,115203,1,0.9917886469118172
8897,115216,1,0.9917985640049188
8898,115502,1,0.9918084810980206
8899,115667,1,0.9918183981911222
8900,115727,1,0.9918283152842239
8901,115819,1,0.9918382323773256
8902,115828,1,0.9918481494704272
8903,115969,1,0.9918580665635289
8904,116044,1,0.9918679836566305
8905,116138,1,0.9918779007497323
8906,116169,1,0.9918878178428339
8907,116207,1,0.9918977349359356
8908,116411,1,0.9919076520290373
8909,116413,1,0.9919175691221389
8910,116419,1,0.9919274862152406
8911,116505,1,0.9919374033083422
8912,116529,1,0.991947320401444
8913,116718,1,0.9919572374945456
8914,116724,1,0.9919671545876473
8915,116738,1,0.9919770716807489
8916,116817,1,0.9919869887738506
8917,116849,1,0.9919969058669523
8918,116941,1,0.9920068229600539
8919,116963,1,0.9920167400531557
8920,116985,1,0.9920266571462573
8921,117107,1,0.992036574239359
8922,117133,1,0.9920464913324606
8923,117364,1,0.9920564084255623
8924,117368,1,0.9920663255186639
8925,117444,1,0.9920762426117656
8926,117511,1,0.9920861597048674
8927,117531,1,0.992096076797969
8928,117572,1,0.9921059938910707
8929,117630,1,0.9921159109841723
8930,117646,1,0.992125828077274
8931,117849,1,0.9921357451703756
8932,117867,1,0.9921456622634773
8933,117877,1,0.992155579356579
8934,117922,1,0.9921654964496807
8935,118082,1,0.9921754135427824
8936,118166,1,0.992185330635884
8937,118198,1,0.9921952477289857
8938,118248,1,0.9922051648220873
8939,118270,1,0.992215081915189
8940,118290,1,0.9922249990082906
8941,118326,1,0.9922349161013924
8942,118354,1,0.9922448331944941
8943,118512,1,0.9922547502875957
8944,118530,1,0.9922646673806974
8945,118706,1,0.992274584473799
8946,118784,1,0.9922845015669007
8947,118814,1,0.9922944186600023
8948,118834,1,0.9923043357531041
8949,118862,1,0.9923142528462057
8950,118894,1,0.9923241699393074
8951,118896,1,0.9923340870324091
8952,118930,1,0.9923440041255107
8953,119068,1,0.9923539212186124
8954,119153,1,0.992363838311714
8955,119167,1,0.9923737554048158
8956,119218,1,0.9923836724979174
8957,119714,1,0.9923935895910191
8958,119828,1,0.9924035066841207
8959,119964,1,0.9924134237772224
8960,120130,1,0.9924233408703241
8961,120138,1,0.9924332579634257
8962,120625,1,0.9924431750565275
8963,120761,1,0.9924530921496291
8964,120783,1,0.9924630092427308
8965,120807,1,0.9924729263358324
8966,120813,1,0.9924828434289341
8967,120827,1,0.9924927605220358
8968,120919,1,0.9925026776151374
8969,121007,1,0.9925125947082392
8970,121035,1,0.9925225118013408
8971,121099,1,0.9925324288944425
8972,121129,1,0.9925423459875441
8973,121169,1,0.9925522630806458
8974,121171,1,0.9925621801737474
8975,121253,1,0.9925720972668491
8976,121338,1,0.9925820143599509
8977,121342,1,0.9925919314530525
8978,121372,1,0.9926018485461542
8979,121374,1,0.9926117656392558
8980,121469,1,0.9926216827323575
8981,121715,1,0.9926315998254591
8982,121781,1,0.9926415169185608
8983,122092,1,0.9926514340116624
8984,122246,1,0.9926613511047642
8985,122260,1,0.9926712681978659
8986,122433,1,0.9926811852909675
8987,122490,1,0.9926911023840692
8988,122627,1,0.9927010194771708
8989,122888,1,0.9927109365702725
8990,122932,1,0.9927208536633741
8991,123200,1,0.9927307707564759
8992,123310,1,0.9927406878495776
8993,123545,1,0.9927506049426792
8994,123553,1,0.9927605220357809
8995,124273,1,0.9927704391288825
8996,124404,1,0.9927803562219842
8997,124484,1,0.9927902733150858
8998,124851,1,0.9928001904081876
8999,124853,1,0.9928101075012892
9000,124859,1,0.9928200245943909
9001,125221,1,0.9928299416874926
9002,125914,1,0.9928398587805942
9003,125970,1,0.9928497758736959
9004,126088,1,0.9928596929667975
9005,126090,1,0.9928696100598993
9006,126142,1,0.9928795271530009
9007,126420,1,0.9928894442461026
9008,126426,1,0.9928993613392042
9009,126482,1,0.9929092784323059
9010,126577,1,0.9929191955254076
9011,126921,1,0.9929291126185092
9012,127114,1,0.992939029711611
9013,127116,1,0.9929489468047126
9014,127130,1,0.9929588638978143
9015,127132,1,0.9929687809909159
9016,127134,1,0.9929786980840176
9017,127146,1,0.9929886151771193
9018,127164,1,0.992998532270221
9019,127172,1,0.9930084493633227
9020,127180,1,0.9930183664564243
9021,127184,1,0.993028283549526
9022,127194,1,0.9930382006426276
9023,127212,1,0.9930481177357293
9024,127319,1,0.9930580348288309
9025,127323,1,0.9930679519219326
9026,127390,1,0.9930778690150344
9027,128087,1,0.993087786108136
9028,128089,1,0.9930977032012377
9029,128097,1,0.9931076202943393
9030,128099,1,0.993117537387441
9031,128197,1,0.9931274544805426
9032,128366,1,0.9931373715736443
9033,128488,1,0.993147288666746
9034,128542,1,0.9931572057598477
9035,128592,1,0.9931671228529494
9036,128594,1,0.993177039946051
9037,128695,1,0.9931869570391527
9038,128736,1,0.9931968741322543
9039,128832,1,0.993206791225356
9040,128838,1,0.9932167083184577
9041,128842,1,0.9932266254115594
9042,128900,1,0.993236542504661
9043,128902,1,0.9932464595977627
9044,128908,1,0.9932563766908644
9045,128914,1,0.993266293783966
9046,128944,1,0.9932762108770677
9047,128991,1,0.9932861279701694
9048,129011,1,0.9932960450632711
9049,129229,1,0.9933059621563727
9050,129250,1,0.9933158792494744
9051,129313,1,0.9933257963425761
9052,129333,1,0.9933357134356777
9053,129514,1,0.9933456305287794
9054,129657,1,0.993355547621881
9055,129659,1,0.9933654647149828
9056,129779,1,0.9933753818080844
9057,130050,1,0.9933852989011861
9058,130052,1,0.9933952159942877
9059,130073,1,0.9934051330873894
9060,130083,1,0.9934150501804911
9061,130444,1,0.9934249672735928
9062,130452,1,0.9934348843666945
9063,130482,1,0.9934448014597961
9064,130498,1,0.9934547185528978
9065,130578,1,0.9934646356459994
9066,130686,1,0.9934745527391011
9067,130840,1,0.9934844698322027
9068,130842,1,0.9934943869253045
9069,130970,1,0.9935043040184062
9070,130976,1,0.9935142211115078
9071,130978,1,0.9935241382046095
9072,131023,1,0.9935340552977111
9073,131098,1,0.9935439723908128
9074,131104,1,0.9935538894839144
9075,131130,1,0.9935638065770162
9076,131237,1,0.9935737236701179
9077,131439,1,0.9935836407632195
9078,131480,1,0.9935935578563212
9079,131578,1,0.9936034749494228
9080,131610,1,0.9936133920425245
9081,131724,1,0.9936233091356261
9082,131739,1,0.9936332262287279
9083,131749,1,0.9936431433218295
9084,131796,1,0.9936530604149312
9085,131920,1,0.9936629775080329
9086,131934,1,0.9936728946011345
9087,132084,1,0.9936828116942362
9088,132153,1,0.9936927287873378
9089,132333,1,0.9937026458804396
9090,132335,1,0.9937125629735412
9091,132362,1,0.9937224800666429
9092,132454,1,0.9937323971597445
9093,132462,1,0.9937423142528462
9094,132488,1,0.9937522313459479
9095,132496,1,0.9937621484390495
9096,132584,1,0.9937720655321512
9097,132618,1,0.9937819826252529
9098,132888,1,0.9937918997183546
9099,133115,1,0.9938018168114562
9100,133195,1,0.9938117339045579
9101,133217,1,0.9938216509976595
9102,133281,1,0.9938315680907612
9103,133365,1,0.993841485183863
9104,133377,1,0.9938514022769646
9105,133545,1,0.9938613193700663
9106,133645,1,0.9938712364631679
9107,133716,1,0.9938811535562696
9108,133780,1,0.9938910706493712
9109,133782,1,0.9939009877424729
9110,133798,1,0.9939109048355746
9111,133832,1,0.9939208219286763
9112,133867,1,0.993930739021778
9113,133879,1,0.9939406561148796
9114,134004,1,0.9939505732079813
9115,134019,1,0.9939604903010829
9116,134021,1,0.9939704073941846
9117,134041,1,0.9939803244872862
9118,134095,1,0.993990241580388
9119,134109,1,0.9940001586734897
9120,134158,1,0.9940100757665913
9121,134184,1,0.994019992859693
9122,134246,1,0.9940299099527946
9123,134248,1,0.9940398270458963
9124,134252,1,0.9940497441389979
9125,134326,1,0.9940596612320997
9126,134334,1,0.9940695783252013
9127,134515,1,0.994079495418303
9128,134524,1,0.9940894125114047
9129,134528,1,0.9940993296045063
9130,134775,1,0.994109246697608
9131,134783,1,0.9941191637907096
9132,134796,1,0.9941290808838114
9133,134808,1,0.994138997976913
9134,134847,1,0.9941489150700147
9135,134849,1,0.9941588321631164
9136,134859,1,0.994168749256218
9137,134861,1,0.9941786663493197
9138,135198,1,0.9941885834424213
9139,135216,1,0.994198500535523
9140,135288,1,0.9942084176286247
9141,135534,1,0.9942183347217264
9142,135777,1,0.994228251814828
9143,135787,1,0.9942381689079297
9144,135803,1,0.9942480860010314
9145,135815,1,0.994258003094133
9146,135885,1,0.9942679201872348
9147,135937,1,0.9942778372803364
9148,136012,1,0.9942877543734381
9149,136024,1,0.9942976714665397
9150,136297,1,0.9943075885596414
9151,136341,1,0.994317505652743
9152,136353,1,0.9943274227458447
9153,136355,1,0.9943373398389465
9154,136359,1,0.9943472569320481
9155,136443,1,0.9943571740251498
9156,136445,1,0.9943670911182514
9157,136447,1,0.9943770082113531
9158,136469,1,0.9943869253044547
9159,136471,1,0.9943968423975564
9160,136503,1,0.994406759490658
9161,136511,1,0.9944166765837598
9162,136540,1,0.9944265936768615
9163,136556,1,0.9944365107699631
9164,136564,1,0.9944464278630648
9165,136654,1,0.9944563449561664
9166,136664,1,0.9944662620492681
9167,136778,1,0.9944761791423697
9168,136786,1,0.9944860962354715
9169,136800,1,0.9944960133285732
9170,136816,1,0.9945059304216748
9171,136834,1,0.9945158475147765
9172,136838,1,0.9945257646078781
9173,136840,1,0.9945356817009798
9174,136850,1,0.9945455987940814
9175,136859,1,0.9945555158871832
9176,136912,1,0.9945654329802848
9177,136958,1,0.9945753500733865
9178,137218,1,0.9945852671664882
9179,137345,1,0.9945951842595898
9180,137517,1,0.9946051013526915
9181,137595,1,0.9946150184457931
9182,137859,1,0.9946249355388949
9183,137863,1,0.9946348526319965
9184,138186,1,0.9946447697250982
9185,138396,1,0.9946546868181998
9186,138546,1,0.9946646039113015
9187,138610,1,0.9946745210044032
9188,138632,1,0.9946844380975048
9189,138702,1,0.9946943551906066
9190,138798,1,0.9947042722837082
9191,138835,1,0.9947141893768099
9192,138966,1,0.9947241064699115
9193,139052,1,0.9947340235630132
9194,139130,1,0.9947439406561149
9195,139157,1,0.9947538577492165
9196,139415,1,0.9947637748423183
9197,139511,1,0.9947736919354199
9198,139640,1,0.9947836090285216
9199,139655,1,0.9947935261216232
9200,139747,1,0.9948034432147249
9201,139857,1,0.9948133603078265
9202,139859,1,0.9948232774009282
9203,139994,1,0.99483319449403
9204,140016,1,0.9948431115871316
9205,140038,1,0.9948530286802333
9206,140133,1,0.9948629457733349
9207,140162,1,0.9948728628664366
9208,140237,1,0.9948827799595382
9209,140265,1,0.9948926970526399
9210,140267,1,0.9949026141457415
9211,140289,1,0.9949125312388433
9212,140301,1,0.994922448331945
9213,140481,1,0.9949323654250466
9214,140523,1,0.9949422825181483
9215,140525,1,0.9949521996112499
9216,140541,1,0.9949621167043516
9217,140561,1,0.9949720337974532
9218,140627,1,0.994981950890555
9219,140737,1,0.9949918679836567
9220,140816,1,0.9950017850767583
9221,140850,1,0.99501170216986
9222,140852,1,0.9950216192629616
9223,141131,1,0.9950315363560633
9224,141400,1,0.995041453449165
9225,141422,1,0.9950513705422667
9226,141513,1,0.9950612876353683
9227,141646,1,0.99507120472847
9228,141668,1,0.9950811218215717
9229,141718,1,0.9950910389146733
9230,141799,1,0.995100956007775
9231,141810,1,0.9951108731008766
9232,141816,1,0.9951207901939784
9233,141818,1,0.99513070728708
9234,141820,1,0.9951406243801817
9235,141836,1,0.9951505414732833
9236,141844,1,0.995160458566385
9237,141846,1,0.9951703756594867
9238,141928,1,0.9951802927525883
9239,141994,1,0.9951902098456901
9240,142020,1,0.9952001269387917
9241,142056,1,0.9952100440318934
9242,142074,1,0.995219961124995
9243,142196,1,0.9952298782180967
9244,142366,1,0.9952397953111983
9245,142424,1,0.9952497124043
9246,142444,1,0.9952596294974018
9247,142507,1,0.9952695465905034
9248,142550,1,0.9952794636836051
9249,142558,1,0.9952893807767067
9250,142598,1,0.9952992978698084
9251,142602,1,0.99530921496291
9252,142831,1,0.9953191320560117
9253,142961,1,0.9953290491491135
9254,143001,1,0.9953389662422151
9255,143031,1,0.9953488833353168
9256,143255,1,0.9953588004284184
9257,143365,1,0.9953687175215201
9258,143410,1,0.9953786346146217
9259,143458,1,0.9953885517077234
9260,143472,1,0.995398468800825
9261,143511,1,0.9954083858939268
9262,143525,1,0.9954183029870285
9263,143559,1,0.9954282200801301
9264,143896,1,0.9954381371732318
9265,144210,1,0.9954480542663334
9266,144222,1,0.9954579713594351
9267,144262,1,0.9954678884525368
9268,144352,1,0.9954778055456385
9269,144478,1,0.9954877226387401
9270,144522,1,0.9954976397318418
9271,144606,1,0.9955075568249435
9272,144714,1,0.9955174739180451
9273,144716,1,0.9955273910111468
9274,144734,1,0.9955373081042485
9275,145080,1,0.9955472251973502
9276,145150,1,0.9955571422904518
9277,145283,1,0.9955670593835535
9278,145418,1,0.9955769764766552
9279,145491,1,0.9955868935697568
9280,145724,1,0.9955968106628585
9281,145745,1,0.9956067277559602
9282,145935,1,0.9956166448490619
9283,145951,1,0.9956265619421635
9284,145994,1,0.9956364790352652
9285,146024,1,0.9956463961283668
9286,146028,1,0.9956563132214685
9287,146210,1,0.9956662303145702
9288,146244,1,0.9956761474076719
9289,146309,1,0.9956860645007736
9290,146662,1,0.9956959815938752
9291,146682,1,0.9957058986869769
9292,146684,1,0.9957158157800785
9293,146688,1,0.9957257328731802
9294,146730,1,0.9957356499662818
9295,146986,1,0.9957455670593836
9296,147002,1,0.9957554841524853
9297,147142,1,0.9957654012455869
9298,147196,1,0.9957753183386886
9299,147250,1,0.9957852354317902
9300,147282,1,0.9957951525248919
9301,147286,1,0.9958050696179935
9302,147300,1,0.9958149867110953
9303,147326,1,0.9958249038041969
9304,147328,1,0.9958348208972986
9305,147330,1,0.9958447379904003
9306,147410,1,0.9958546550835019
9307,147657,1,0.9958645721766036
9308,147662,1,0.9958744892697052
9309,147936,1,0.995884406362807
9310,148166,1,0.9958943234559086
9311,148238,1,0.9959042405490103
9312,148482,1,0.995914157642112
9313,148592,1,0.9959240747352136
9314,148632,1,0.9959339918283153
9315,148667,1,0.9959439089214169
9316,148675,1,0.9959538260145187
9317,148709,1,0.9959637431076203
9318,148775,1,0.995973660200722
9319,148978,1,0.9959835772938236
9320,148982,1,0.9959934943869253
9321,149011,1,0.996003411480027
9322,149144,1,0.9960133285731286
9323,149146,1,0.9960232456662304
9324,149330,1,0.996033162759332
9325,149334,1,0.9960430798524337
9326,149350,1,0.9960529969455353
9327,149380,1,0.996062914038637
9328,149508,1,0.9960728311317386
9329,149566,1,0.9960827482248403
9330,149590,1,0.996092665317942
9331,149612,1,0.9961025824110437
9332,149830,1,0.9961124995041454
9333,149902,1,0.996122416597247
9334,150254,1,0.9961323336903487
9335,150554,1,0.9961422507834503
9336,150604,1,0.996152167876552
9337,150696,1,0.9961620849696537
9338,150993,1,0.9961720020627554
9339,151311,1,0.9961819191558571
9340,151317,1,0.9961918362489587
9341,151479,1,0.9962017533420604
9342,151501,1,0.996211670435162
9343,151557,1,0.9962215875282637
9344,151559,1,0.9962315046213653
9345,151653,1,0.9962414217144671
9346,151687,1,0.9962513388075688
9347,151695,1,0.9962612559006704
9348,151745,1,0.9962711729937721
9349,151759,1,0.9962810900868737
9350,151769,1,0.9962910071799754
9351,151777,1,0.996300924273077
9352,151781,1,0.9963108413661788
9353,152063,1,0.9963207584592804
9354,152065,1,0.9963306755523821
9355,152071,1,0.9963405926454838
9356,152085,1,0.9963505097385854
9357,152105,1,0.9963604268316871
9358,152173,1,0.9963703439247887
9359,152270,1,0.9963802610178905
9360,152284,1,0.9963901781109921
9361,152372,1,0.9964000952040938
9362,152591,1,0.9964100122971954
9363,152658,1,0.9964199293902971
9364,152711,1,0.9964298464833988
9365,153070,1,0.9964397635765004
9366,153236,1,0.9964496806696022
9367,153386,1,0.9964595977627038
9368,153408,1,0.9964695148558055
9369,154065,1,0.9964794319489071
9370,154358,1,0.9964893490420088
9371,154975,1,0.9964992661351105
9372,155168,1,0.9965091832282121
9373,155358,1,0.9965191003213139
9374,155589,1,0.9965290174144155
9375,155659,1,0.9965389345075172
9376,155743,1,0.9965488516006188
9377,155774,1,0.9965587686937205
9378,155892,1,0.9965686857868221
9379,156025,1,0.9965786028799238
9380,156553,1,0.9965885199730256
9381,156605,1,0.9965984370661272
9382,156675,1,0.9966083541592289
9383,156706,1,0.9966182712523305
9384,156781,1,0.9966281883454322
9385,156783,1,0.9966381054385338
9386,157108,1,0.9966480225316355
9387,157110,1,0.9966579396247371
9388,157122,1,0.9966678567178389
9389,157130,1,0.9966777738109406
9390,157172,1,0.9966876909040422
9391,157270,1,0.9966976079971439
9392,157340,1,0.9967075250902455
9393,157369,1,0.9967174421833472
9394,157407,1,0.9967273592764488
9395,157432,1,0.9967372763695506
9396,157775,1,0.9967471934626523
9397,157865,1,0.9967571105557539
9398,158022,1,0.9967670276488556
9399,158027,1,0.9967769447419572
9400,158035,1,0.9967868618350589
9401,158254,1,0.9967967789281605
9402,158388,1,0.9968066960212623
9403,158398,1,0.9968166131143639
9404,158402,1,0.9968265302074656
9405,158528,1,0.9968364473005673
9406,158721,1,0.9968463643936689
9407,158830,1,0.9968562814867706
9408,158842,1,0.9968661985798722
9409,158874,1,0.996876115672974
9410,158882,1,0.9968860327660756
9411,159061,1,0.9968959498591773
9412,159069,1,0.9969058669522789
9413,159077,1,0.9969157840453806
9414,159161,1,0.9969257011384823
9415,159193,1,0.9969356182315839
9416,159403,1,0.9969455353246857
9417,159510,1,0.9969554524177873
9418,159690,1,0.996965369510889
9419,159779,1,0.9969752866039906
9420,159811,1,0.9969852036970923
9421,159849,1,0.996995120790194
9422,159976,1,0.9970050378832956
9423,160289,1,0.9970149549763974
9424,160341,1,0.997024872069499
9425,160400,1,0.9970347891626007
9426,160422,1,0.9970447062557023
9427,160440,1,0.997054623348804
9428,160527,1,0.9970645404419056
9429,160569,1,0.9970744575350073
9430,160573,1,0.9970843746281091
9431,160644,1,0.9970942917212107
9432,160646,1,0.9971042088143124
9433,160684,1,0.997114125907414
9434,160730,1,0.9971240430005157
9435,160836,1,0.9971339600936173
9436,160848,1,0.997143877186719
9437,160872,1,0.9971537942798206
9438,160978,1,0.9971637113729224
9439,161008,1,0.9971736284660241
9440,161024,1,0.9971835455591257
9441,161032,1,0.9971934626522274
9442,161044,1,0.997203379745329
9443,161290,1,0.9972132968384307
9444,161354,1,0.9972232139315323
9445,161594,1,0.9972331310246341
9446,161830,1,0.9972430481177357
9447,161918,1,0.9972529652108374
9448,161966,1,0.9972628823039391
9449,162082,1,0.9972727993970407
9450,162344,1,0.9972827164901424
9451,162414,1,0.997292633583244
9452,162590,1,0.9973025506763458
9453,162598,1,0.9973124677694474
9454,162602,1,0.9973223848625491
9455,162828,1,0.9973323019556508
9456,162968,1,0.9973422190487524
9457,162982,1,0.9973521361418541
9458,163056,1,0.9973620532349557
9459,163072,1,0.9973719703280575
9460,163112,1,0.9973818874211591
9461,163386,1,0.9973918045142608
9462,163527,1,0.9974017216073624
9463,163639,1,0.9974116387004641
9464,163653,1,0.9974215557935658
9465,163809,1,0.9974314728866674
9466,163925,1,0.9974413899797692
9467,163937,1,0.9974513070728708
9468,163981,1,0.9974612241659725
9469,163985,1,0.9974711412590741
9470,164226,1,0.9974810583521758
9471,164280,1,0.9974909754452774
9472,164367,1,0.9975008925383791
9473,164375,1,0.9975108096314809
9474,164540,1,0.9975207267245825
9475,164647,1,0.9975306438176842
9476,164655,1,0.9975405609107858
9477,164707,1,0.9975504780038875
9478,164753,1,0.9975603950969891
9479,164881,1,0.9975703121900908
9480,165075,1,0.9975802292831926
9481,165139,1,0.9975901463762942
9482,165343,1,0.9976000634693959
9483,165347,1,0.9976099805624975
9484,165483,1,0.9976198976555992
9485,165489,1,0.9976298147487008
9486,165529,1,0.9976397318418025
9487,165551,1,0.9976496489349042
9488,165635,1,0.9976595660280059
9489,165645,1,0.9976694831211076
9490,165671,1,0.9976794002142092
9491,165843,1,0.9976893173073109
9492,165959,1,0.9976992344004125
9493,166015,1,0.9977091514935142
9494,166183,1,0.9977190685866159
9495,166203,1,0.9977289856797176
9496,166526,1,0.9977389027728192
9497,166558,1,0.9977488198659209
9498,166705,1,0.9977587369590226
9499,167064,1,0.9977686540521242
9500,167296,1,0.997778571145226
9501,167380,1,0.9977884882383276
9502,167538,1,0.9977984053314293
9503,167570,1,0.9978083224245309
9504,167634,1,0.9978182395176326
9505,167706,1,0.9978281566107342
9506,167732,1,0.9978380737038359
9507,167772,1,0.9978479907969376
9508,167790,1,0.9978579078900393
9509,167854,1,0.997867824983141
9510,168026,1,0.9978777420762426
9511,168090,1,0.9978876591693443
9512,168144,1,0.9978975762624459
9513,168174,1,0.9979074933555476
9514,168218,1,0.9979174104486493
9515,168350,1,0.997927327541751
9516,168358,1,0.9979372446348527
9517,168456,1,0.9979471617279543
9518,168608,1,0.997957078821056
9519,168632,1,0.9979669959141576
9520,168712,1,0.9979769130072593
9521,168846,1,0.9979868301003609
9522,169034,1,0.9979967471934627
9523,169180,1,0.9980066642865644
9524,169670,1,0.998016581379666
9525,169904,1,0.9980264984727677
9526,169958,1,0.9980364155658693
9527,169982,1,0.998046332658971
9528,169992,1,0.9980562497520726
9529,170289,1,0.9980661668451744
9530,170297,1,0.998076083938276
9531,170357,1,0.9980860010313777
9532,170399,1,0.9980959181244794
9533,170401,1,0.998105835217581
9534,170411,1,0.9981157523106827
9535,170551,1,0.9981256694037843
9536,170597,1,0.998135586496886
9537,170777,1,0.9981455035899877
9538,170817,1,0.9981554206830894
9539,170827,1,0.9981653377761911
9540,170837,1,0.9981752548692927
9541,170897,1,0.9981851719623944
9542,170907,1,0.998195089055496
9543,170937,1,0.9982050061485978
9544,170939,1,0.9982149232416994
9545,170945,1,0.9982248403348011
9546,170957,1,0.9982347574279027
9547,170993,1,0.9982446745210044
9548,171023,1,0.9982545916141061
9549,171251,1,0.9982645087072077
9550,171631,1,0.9982744258003095
9551,171695,1,0.9982843428934111
9552,171701,1,0.9982942599865128
9553,171749,1,0.9983041770796144
9554,171751,1,0.9983140941727161
9555,171759,1,0.9983240112658177
9556,171811,1,0.9983339283589194
9557,171891,1,0.9983438454520212
9558,171917,1,0.9983537625451228
9559,172013,1,0.9983636796382245
9560,172229,1,0.9983735967313261
9561,172233,1,0.9983835138244278
9562,172253,1,0.9983934309175294
9563,172321,1,0.9984033480106311
9564,172461,1,0.9984132651037327
9565,172497,1,0.9984231821968345
9566,172577,1,0.9984330992899362
9567,172583,1,0.9984430163830378
9568,172585,1,0.9984529334761395
9569,172587,1,0.9984628505692411
9570,172589,1,0.9984727676623428
9571,172637,1,0.9984826847554444
9572,172705,1,0.9984926018485462
9573,172793,1,0.9985025189416479
9574,172825,1,0.9985124360347495
9575,172875,1,0.9985223531278512
9576,172881,1,0.9985322702209528
9577,172887,1,0.9985421873140545
9578,172909,1,0.9985521044071561
9579,173205,1,0.9985620215002579
9580,173209,1,0.9985719385933595
9581,173235,1,0.9985818556864612
9582,173253,1,0.9985917727795629
9583,173255,1,0.9986016898726645
9584,173307,1,0.9986116069657662
9585,173317,1,0.9986215240588678
9586,173351,1,0.9986314411519696
9587,173355,1,0.9986413582450712
9588,173535,1,0.9986512753381729
9589,173619,1,0.9986611924312745
9590,173751,1,0.9986711095243762
9591,173873,1,0.9986810266174779
9592,173941,1,0.9986909437105795
9593,173963,1,0.9987008608036813
9594,174045,1,0.9987107778967829
9595,174141,1,0.9987206949898846
9596,174403,1,0.9987306120829862
9597,174479,1,0.9987405291760879
9598,174551,1,0.9987504462691896
9599,174681,1,0.9987603633622912
9600,174727,1,0.998770280455393
9601,174737,1,0.9987801975484946
9602,174815,1,0.9987901146415963
9603,174909,1,0.9988000317346979
9604,175197,1,0.9988099488277996
9605,175199,1,0.9988198659209012
9606,175293,1,0.9988297830140029
9607,175387,1,0.9988397001071047
9608,175397,1,0.9988496172002063
9609,175401,1,0.998859534293308
9610,175431,1,0.9988694513864096
9611,175435,1,0.9988793684795113
9612,175475,1,0.9988892855726129
9613,175577,1,0.9988992026657146
9614,175585,1,0.9989091197588162
9615,175693,1,0.998919036851918
9616,175705,1,0.9989289539450197
9617,175707,1,0.9989388710381213
9618,175743,1,0.998948788131223
9619,175781,1,0.9989587052243246
9620,176051,1,0.9989686223174263
9621,176329,1,0.9989785394105279
9622,176389,1,0.9989884565036297
9623,176413,1,0.9989983735967314
9624,176415,1,0.999008290689833
9625,176423,1,0.9990182077829347
9626,176579,1,0.9990281248760363
9627,176601,1,0.999038041969138
9628,176621,1,0.9990479590622396
9629,176805,1,0.9990578761553414
9630,176935,1,0.999067793248443
9631,177185,1,0.9990777103415447
9632,177285,1,0.9990876274346464
9633,177939,1,0.999097544527748
9634,178111,1,0.9991074616208497
9635,178129,1,0.9991173787139513
9636,178323,1,0.9991272958070531
9637,178613,1,0.9991372129001547
9638,178615,1,0.9991471299932564
9639,179053,1,0.999157047086358
9640,179073,1,0.9991669641794597
9641,179119,1,0.9991768812725614
9642,179133,1,0.999186798365663
9643,179135,1,0.9991967154587648
9644,179427,1,0.9992066325518664
9645,179491,1,0.9992165496449681
9646,179511,1,0.9992264667380697
9647,179709,1,0.9992363838311714
9648,179749,1,0.999246300924273
9649,179813,1,0.9992562180173747
9650,179815,1,0.9992661351104765
9651,179953,1,0.9992760522035781
9652,180045,1,0.9992859692966798
9653,180231,1,0.9992958863897814
9654,180263,1,0.9993058034828831
9655,180265,1,0.9993157205759847
9656,180777,1,0.9993256376690864
9657,180987,1,0.9993355547621882
9658,181139,1,0.9993454718552898
9659,181315,1,0.9993553889483915
9660,181413,1,0.9993653060414931
9661,181659,1,0.9993752231345948
9662,181719,1,0.9993851402276964
9663,182293,1,0.9993950573207981
9664,182297,1,0.9994049744138997
9665,182299,1,0.9994148915070015
9666,182639,1,0.9994248086001032
9667,182727,1,0.9994347256932048
9668,182731,1,0.9994446427863065
9669,182749,1,0.9994545598794081
9670,182793,1,0.9994644769725098
9671,183011,1,0.9994743940656114
9672,183197,1,0.9994843111587132
9673,183199,1,0.9994942282518148
9674,183227,1,0.9995041453449165
9675,183295,1,0.9995140624380182
9676,183301,1,0.9995239795311198
9677,183317,1,0.9995338966242215
9678,183611,1,0.9995438137173231
9679,183635,1,0.9995537308104249
9680,183911,1,0.9995636479035265
9681,183959,1,0.9995735649966282
9682,184053,1,0.9995834820897299
9683,184245,1,0.9995933991828315
9684,184257,1,0.9996033162759332
9685,184349,1,0.9996132333690348
9686,184641,1,0.9996231504621366
9687,184721,1,0.9996330675552382
9688,184931,1,0.9996429846483399
9689,184987,1,0.9996529017414415
9690,184997,1,0.9996628188345432
9691,185031,1,0.9996727359276449
9692,185033,1,0.9996826530207465
9693,185435,1,0.9996925701138483
9694,185473,1,0.9997024872069499
9695,186587,1,0.9997124043000516
9696,187717,1,0.9997223213931532
9697,188189,1,0.9997322384862549
9698,188675,1,0.9997421555793565
9699,188751,1,0.9997520726724582
9700,188797,1,0.99976198976556
9701,188833,1,0.9997719068586616
9702,189043,1,0.9997818239517633
9703,189111,1,0.9997917410448649
9704,189381,1,0.9998016581379666
9705,189547,1,0.9998115752310682
9706,189713,1,0.99982149232417
9707,190183,1,0.9998314094172716
9708,190207,1,0.9998413265103733
9709,190209,1,0.999851243603475
9710,190213,1,0.9998611606965766
9711,190215,1,0.9998710777896783
9712,190219,1,0.9998809948827799
9713,190221,1,0.9998909119758816
9714,191005,1,0.9999008290689833
9715,193565,1,0.999910746162085
9716,193567,1,0.9999206632551867
9717,193571,1,0.9999305803482883
9718,193573,1,0.99994049744139
9719,193579,1,0.9999504145344916
9720,193581,1,0.9999603316275933
9721,193583,1,0.999970248720695
9722,193585,1,0.9999801658137967
9723,193587,1,0.9999900829068983
9724,193609,1,1.0
9725,1076,0,1.0
9726,2939,0,1.0
9727,3338,0,1.0
9728,3456,0,1.0
9729,4194,0,1.0
9730,5721,0,1.0
9731,6668,0,1.0
9732,6849,0,1.0
9733,7020,0,1.0
9734,7792,0,1.0
9735,8765,0,1.0
9736,25855,0,1.0
9737,26085,0,1.0
9738,30892,0,1.0
9739,32160,0,1.0
9740,32371,0,1.0
9741,34482,0,1.0
9742,85565,0,1.0
